EVENT_ID,event_datetime_utc,Latitude,Longitude,MRMS_HOURS_FOUND,mrms_hours_sampled,mrms_product_used,max_1h_qpe_mm,max_3h_qpe_mm,max_6h_qpe_mm,max_12h_qpe_mm
5443650,2005-04-01T10:30:00Z,30.5333,-89.1,0,0,,,,,
5443651,2005-04-01T10:30:00Z,30.8,-89.5667,0,0,,,,,
5443273,2005-04-06T19:45:00Z,30.4833,-88.7833,0,0,,,,,
5451538,2005-05-29T21:50:00Z,30.45,-89.5,0,0,,,,,
5451537,2005-05-29T21:20:00Z,30.4667,-89.9167,0,0,,,,,
5502770,2006-04-30T03:00:00Z,30.3667,-90.0833,0,0,,,,,
5502760,2006-04-29T23:30:00Z,30.4667,-91.1667,0,0,,,,,
1536,2006-10-27T07:30:00Z,30.68,-91.43,0,0,,,,,
1534,2006-10-27T07:30:00Z,30.77,-91.38,0,0,,,,,
1538,2006-10-27T08:30:00Z,30.87,-91.03,0,0,,,,,
9344,2006-12-21T12:00:00Z,29.4,-90.28,0,0,,,,,
9342,2006-12-21T14:30:00Z,29.95,-90.1,0,0,,,,,
9341,2006-12-21T14:30:00Z,29.97,-90.22,0,0,,,,,
9386,2006-12-30T16:30:00Z,30.17,-91.33,0,0,,,,,
9388,2006-12-30T16:30:00Z,30.53,-91.4,0,0,,,,,
10022,2006-12-31T02:00:00Z,30.95,-90.28,0,0,,,,,
62297,2007-10-22T15:30:00Z,29.6248,-90.9242,0,0,,,,,
62296,2007-10-22T15:30:00Z,29.6916,-90.6125,0,0,,,,,
62293,2007-10-22T16:15:00Z,29.8811,-90.2335,0,0,,,,,
62292,2007-10-22T16:15:00Z,30.0144,-90.1112,0,0,,,,,
62294,2007-10-22T16:15:00Z,30.037,-90.4436,0,0,,,,,
62302,2007-10-22T22:00:00Z,30.316,-89.3491,0,0,,,,,
62300,2007-10-22T22:00:00Z,30.3871,-90.1428,0,0,,,,,
62301,2007-10-22T21:45:00Z,30.7253,-89.7308,0,0,,,,,
96033,2008-04-26T20:00:00Z,29.9,-90.1,0,0,,,,,
96031,2008-04-26T08:00:00Z,29.95,-90.05,0,0,,,,,
104305,2008-05-02T22:30:00Z,30.63,-90.5168,0,0,,,,,
105237,2008-05-02T23:00:00Z,30.6734,-90.2,0,0,,,,,
104496,2008-05-14T21:00:00Z,30.5,-90.5204,0,0,,,,,
102344,2008-05-22T18:15:00Z,29.75,-90.82,0,0,,,,,
102360,2008-05-22T20:20:00Z,29.83,-90.5034,0,0,,,,,
120505,2008-06-15T13:30:00Z,29.95,-90.05,0,0,,,,,
120500,2008-06-15T13:30:00Z,29.97,-90.15,0,0,,,,,
120491,2008-06-17T20:30:00Z,29.97,-90.38,0,0,,,,,
133947,2008-08-17T22:00:00Z,29.6003,-90.7402,0,0,,,,,
151403,2009-01-04T03:00:00Z,29.95,-90.3,0,0,,,,,
160987,2009-03-27T08:15:00Z,29.6,-90.72,0,0,,,,,
160988,2009-03-27T07:25:00Z,29.73,-90.6,0,0,,,,,
160990,2009-03-27T09:45:00Z,29.87,-89.98,0,0,,,,,
160994,2009-03-27T09:15:00Z,29.9,-90.13,0,0,,,,,
160992,2009-03-27T09:45:00Z,29.93,-89.97,0,0,,,,,
160989,2009-03-27T09:45:00Z,29.9475,-90.0697,0,0,,,,,
160995,2009-03-27T08:15:00Z,29.97,-90.38,0,0,,,,,
160986,2009-03-28T02:30:00Z,30.9835,-90.217,0,0,,,,,
160978,2009-03-28T00:15:00Z,31.1,-91.3,0,0,,,,,
160969,2009-03-28T00:30:00Z,31.25,-90.47,0,0,,,,,
160980,2009-03-28T05:15:00Z,30.32,-89.33,0,0,,,,,
160982,2009-03-28T05:30:00Z,30.3444,-89.1568,0,0,,,,,
160983,2009-03-28T06:00:00Z,30.3776,-88.42,0,0,,,,,
160984,2009-03-28T07:00:00Z,31.0871,-90.0124,0,0,,,,,
160985,2009-03-28T07:00:00Z,31.2879,-90.3035,0,0,,,,,
166281,2009-04-13T00:52:00Z,31.1504,-90.8154,0,0,,,,,
166278,2009-04-13T00:52:00Z,31.2557,-90.4717,0,0,,,,,
197325,2009-09-13T16:30:00Z,30.048,-89.9835,0,0,,,,,
197346,2009-09-23T03:00:00Z,30.4605,-88.878,0,0,,,,,
209078,2009-12-08T08:30:00Z,30.0645,-91.05,0,0,,,,,
209079,2009-12-08T09:00:00Z,30.0807,-90.6555,0,0,,,,,
209080,2009-12-08T09:00:00Z,30.1379,-90.9,0,0,,,,,
207840,2009-12-12T23:00:00Z,29.87,-89.98,0,0,,,,,
207838,2009-12-13T00:00:00Z,29.93,-89.97,0,0,,,,,
207835,2009-12-12T22:45:00Z,30.0186,-90.1092,0,0,,,,,
207836,2009-12-12T22:45:00Z,30.0192,-90.1243,0,0,,,,,
207837,2009-12-12T21:45:00Z,30.0453,-90.287,0,0,,,,,
207839,2009-12-13T01:00:00Z,30.2448,-89.8537,0,0,,,,,
208096,2009-12-13T03:45:00Z,30.28,-89.38,0,0,,,,,
208097,2009-12-13T03:45:00Z,30.4,-88.92,0,0,,,,,
208813,2009-12-15T01:50:00Z,29.5424,-90.7553,0,0,,,,,
208814,2009-12-15T01:50:00Z,29.6594,-90.5988,0,0,,,,,
208816,2009-12-15T05:20:00Z,29.9645,-90.182,0,0,,,,,
208815,2009-12-15T03:15:00Z,29.97,-90.38,0,0,,,,,
208809,2009-12-14T18:50:00Z,30.23,-90.92,0,0,,,,,
224783,2010-04-23T18:58:00Z,29.965,-90.1016,0,0,,,,,
224782,2010-04-23T18:51:00Z,29.9855,-90.1895,0,0,,,,,
226257,2010-05-16T14:47:00Z,29.95,-90.1,0,0,,,,,
226303,2010-05-29T19:35:00Z,29.87,-89.98,0,0,,,,,
226321,2010-06-03T23:30:00Z,30.3489,-90.059,0,0,,,,,
245235,2010-06-30T19:00:00Z,30.4117,-89.4371,0,0,,,,,
250182,2010-07-25T08:45:00Z,30.38,-91.23,0,0,,,,,
250193,2010-07-25T12:30:00Z,30.9,-90.02,0,0,,,,,
254286,2010-08-05T13:15:00Z,30.4697,-91.1158,0,0,,,,,
253905,2010-08-12T09:30:00Z,29.98,-90.15,0,0,,,,,
257078,2010-08-13T14:55:00Z,30.5,-90.47,0,0,,,,,
254300,2010-08-17T21:00:00Z,30.5578,-91.1681,0,0,,,,,
253910,2010-08-17T22:30:00Z,30.6923,-91.4428,0,0,,,,,
253911,2010-08-18T00:00:00Z,30.6923,-91.4428,0,0,,,,,
253913,2010-08-18T18:25:00Z,30.73,-91.6,0,0,,,,,
253914,2010-08-18T18:34:00Z,30.77,-91.38,0,0,,,,,
259395,2010-08-18T14:00:00Z,31.0753,-91.5371,0,0,,,,,
259396,2010-08-18T14:00:00Z,31.3,-91.37,0,0,,,,,
254298,2010-08-19T22:00:00Z,30.5,-90.47,0,0,,,,,
254290,2010-08-29T19:00:00Z,29.7,-90.53,0,0,,,,,
253921,2010-08-29T09:05:00Z,29.9982,-90.3845,0,0,,,,,
253922,2010-08-30T19:00:00Z,29.9655,-90.15,0,0,,,,,
279329,2011-03-05T00:35:00Z,30.5416,-90.5287,0,0,,,,,
280523,2011-03-08T22:20:00Z,30.58,-91.0,0,0,,,,,
280522,2011-03-08T22:00:00Z,30.65,-91.15,0,0,,,,,
280558,2011-03-09T03:25:00Z,30.8609,-90.6223,0,0,,,,,
280535,2011-03-08T22:30:00Z,30.87,-90.5,0,0,,,,,
280543,2011-03-08T22:56:00Z,30.93,-90.52,0,0,,,,,
280599,2011-03-09T12:30:00Z,29.97,-90.3466,0,0,,,,,
280684,2011-03-09T13:50:00Z,29.98,-90.15,0,0,,,,,
280610,2011-03-09T13:12:00Z,30.2502,-89.713,0,0,,,,,
280709,2011-03-09T14:45:00Z,30.28,-89.38,0,0,,,,,
280687,2011-03-09T13:50:00Z,30.4,-90.17,0,0,,,,,
282241,2011-03-29T23:40:00Z,29.87,-89.98,0,0,,,,,
282242,2011-03-29T23:45:00Z,29.9,-90.08,0,0,,,,,
282245,2011-03-29T23:55:00Z,29.9014,-90.038,0,0,,,,,
282227,2011-03-29T22:50:00Z,29.98,-90.15,0,0,,,,,
322244,2011-07-18T13:28:00Z,29.5818,-90.7162,0,0,,,,,
322246,2011-07-18T14:30:00Z,29.73,-90.6,0,0,,,,,
322240,2011-07-18T10:30:00Z,29.9178,-90.0376,0,0,,,,,
322241,2011-07-18T11:04:00Z,29.93,-89.97,0,0,,,,,
322243,2011-07-18T11:13:00Z,30.35,-89.15,0,0,,,,,
322248,2011-07-25T16:04:00Z,30.32,-89.93,0,0,,,,,
322249,2011-07-27T19:45:00Z,29.98,-90.15,0,0,,,,,
322250,2011-07-28T18:33:00Z,30.004,-90.2736,0,0,,,,,
348833,2011-09-03T19:40:00Z,30.335,-88.5035,0,0,,,,,
348831,2011-09-03T11:45:00Z,30.5126,-90.9283,0,0,,,,,
348832,2011-09-04T12:45:00Z,29.6022,-90.7649,0,0,,,,,
358392,2012-02-18T20:55:00Z,30.27,-89.78,0,0,,,,,
363204,2012-03-21T21:50:00Z,30.27,-89.78,0,0,,,,,
364390,2012-03-22T01:40:00Z,30.32,-89.25,0,0,,,,,
363207,2012-03-22T00:15:00Z,30.37,-89.37,0,0,,,,,
364396,2012-03-22T01:50:00Z,30.5632,-89.5868,0,0,,,,,
364398,2012-03-22T05:15:00Z,30.3133,-89.2461,0,0,,,,,
364473,2012-03-23T09:42:00Z,29.6,-90.72,0,0,,,,,
364474,2012-03-23T11:27:00Z,29.762,-90.5589,0,0,,,,,
364472,2012-03-23T08:45:00Z,29.95,-90.45,0,0,,,,,
364487,2012-04-04T04:30:00Z,29.9807,-90.0646,0,0,,,,,
364505,2012-04-04T07:54:00Z,29.9402,-90.2118,0,0,,,,,
364507,2012-04-04T07:54:00Z,29.95,-90.1,0,0,,,,,
367347,2012-04-21T15:25:00Z,29.92,-90.33,0,0,,,,,
371075,2012-05-02T21:15:00Z,30.3,-90.97,0,0,,,,,
371074,2012-05-02T20:40:00Z,30.4073,-91.1021,0,0,,,,,
371073,2012-05-02T19:00:00Z,30.72,-90.5,0,0,,,,,
380459,2012-06-07T14:25:00Z,29.8725,-90.0822,0,0,,,,,
380460,2012-06-10T11:34:00Z,30.36,-90.09,0,0,,,,,
380462,2012-06-10T14:34:00Z,30.4726,-89.6911,0,0,,,,,
380461,2012-06-10T11:14:00Z,30.5005,-90.0763,0,0,,,,,
384834,2012-07-19T19:40:00Z,30.3355,-89.82,0,0,,,,,
384836,2012-07-19T20:00:00Z,30.3711,-90.059,0,0,,,,,
384851,2012-07-20T17:26:00Z,29.57,-90.67,0,0,,,,,
384845,2012-07-20T15:20:00Z,29.9186,-90.125,0,0,,,,,
384852,2012-07-20T19:45:00Z,29.95,-90.25,0,0,,,,,
384853,2012-07-20T19:45:00Z,30.05,-90.03,0,0,,,,,
392865,2012-08-09T17:50:00Z,29.95,-90.1,0,0,,,,,
392877,2012-08-11T10:35:00Z,30.35,-89.82,0,0,,,,,
392896,2012-08-16T19:24:00Z,29.95,-90.0,0,0,,,,,
410285,2012-08-29T07:00:00Z,29.9725,-90.116,0,0,,,,,
410275,2012-08-29T17:30:00Z,30.3449,-89.187,0,0,,,,,
410279,2012-08-30T00:00:00Z,30.4429,-89.6938,0,0,,,,,
410281,2012-08-30T02:00:00Z,31.2904,-90.5479,0,0,,,,,
410284,2012-08-30T02:00:00Z,31.3046,-90.5878,0,0,,,,,
410276,2012-08-30T08:30:00Z,30.3505,-88.4166,0,0,,,,,
413272,2012-09-05T10:20:00Z,30.392,-88.7495,0,0,,,,,
413273,2012-09-05T10:30:00Z,30.3938,-88.7507,0,0,,,,,
428682,2013-01-09T07:32:00Z,30.23,-90.92,0,0,,,,,
428681,2013-01-09T07:32:00Z,30.4962,-90.7379,0,0,,,,,
428686,2013-01-10T15:00:00Z,29.83,-90.97,0,0,,,,,
428689,2013-01-10T16:30:00Z,30.23,-90.92,0,0,,,,,
428688,2013-01-10T16:30:00Z,30.4533,-90.9629,0,0,,,,,
429982,2013-02-26T02:10:00Z,30.4602,-89.0415,0,0,,,,,
429984,2013-02-26T01:45:00Z,30.6138,-88.4324,0,0,,,,,
435741,2013-04-14T10:00:00Z,30.68,-91.43,0,0,,,,,
452197,2013-05-01T16:50:00Z,29.98,-90.23,0,0,,,,,
452196,2013-05-01T16:55:00Z,30.0253,-90.2383,0,0,,,,,
452188,2013-05-01T23:30:00Z,30.4772,-88.6665,0,0,,,,,
452194,2013-05-01T22:46:00Z,30.4916,-89.0009,0,0,,,,,
452198,2013-05-02T20:24:00Z,29.95,-90.1,0,0,,,,,
453513,2013-05-22T09:35:00Z,30.83,-91.22,0,0,,,,,
453550,2013-06-06T20:58:00Z,30.27,-89.78,0,0,,,,,
453576,2013-07-06T14:58:00Z,30.43,-88.88,0,0,,,,,
453589,2013-07-11T18:10:00Z,30.1701,-89.7144,0,0,,,,,
473679,2013-08-18T18:00:00Z,30.3978,-88.8636,0,0,,,,,
501872,2014-02-21T04:00:00Z,30.67,-90.58,0,0,,,,,
501834,2014-02-21T02:45:00Z,31.28,-90.47,0,0,,,,,
501905,2014-03-28T20:00:00Z,30.276,-89.7303,0,0,,,,,
501904,2014-03-28T15:45:00Z,30.3237,-89.7604,0,0,,,,,
501903,2014-03-28T10:30:00Z,31.3208,-91.1021,0,0,,,,,
501902,2014-03-28T10:15:00Z,31.3234,-91.1309,0,0,,,,,
501964,2014-04-14T22:59:00Z,30.5137,-89.8143,0,0,,,,,
501965,2014-04-15T00:00:00Z,30.5647,-89.43,0,0,,,,,
512337,2014-04-29T07:00:00Z,30.348,-89.1348,0,0,,,,,
512342,2014-04-29T23:30:00Z,30.361,-89.1149,0,0,,,,,
512339,2014-04-29T23:35:00Z,30.3847,-88.7984,0,0,,,,,
512385,2014-05-10T01:38:00Z,29.9205,-90.0769,0,0,,,,,
512388,2014-05-10T02:07:00Z,29.9377,-90.0645,0,0,,,,,
512387,2014-05-10T01:44:00Z,30.4439,-89.1369,0,0,,,,,
512390,2014-05-14T15:35:00Z,30.3267,-89.279,0,0,,,,,
512396,2014-05-28T11:45:00Z,30.0744,-90.5912,0,0,,,,,
512395,2014-05-28T11:30:00Z,30.0771,-90.6873,0,0,,,,,
512399,2014-05-28T13:00:00Z,30.2437,-91.0053,0,0,,,,,
512398,2014-05-28T15:00:00Z,30.48,-90.1,0,0,,,,,
512400,2014-05-30T00:55:00Z,30.27,-89.78,0,0,,,,,
527018,2014-07-11T19:35:00Z,30.27,-89.78,0,0,,,,,
533134,2014-09-05T15:44:00Z,29.93,-89.97,0,0,,,,,
541030,2014-10-13T23:09:00Z,30.2912,-89.8059,0,0,,,,,
563954,2015-04-13T00:49:00Z,30.3931,-88.8725,0,0,,,,,
563951,2015-04-13T00:10:00Z,30.3967,-88.8725,0,0,,,,,
563994,2015-04-14T15:06:00Z,29.586,-90.6544,0,0,,,,,
564008,2015-04-14T17:20:00Z,29.73,-90.6,0,0,,,,,
563996,2015-04-14T15:25:00Z,29.93,-90.2,0,0,,,,,
563984,2015-04-14T13:34:00Z,29.93,-90.35,0,0,,,,,
563997,2015-04-14T15:45:00Z,30.07,-89.8,0,0,,,,,
563987,2015-04-14T13:34:00Z,30.07,-90.48,0,0,,,,,
563983,2015-04-14T12:45:00Z,30.1006,-90.961,0,0,,,,,
563991,2015-04-14T14:56:00Z,30.1692,-91.1179,0,0,,,,,
563979,2015-04-14T12:45:00Z,30.27,-89.78,0,0,,,,,
563989,2015-04-14T14:00:00Z,30.28,-89.38,0,0,,,,,
564002,2015-04-14T16:28:00Z,30.348,-90.0505,0,0,,,,,
563999,2015-04-14T16:21:00Z,30.3924,-88.945,0,0,,,,,
564001,2015-04-14T16:23:00Z,30.4978,-89.6776,0,0,,,,,
563988,2015-04-14T14:00:00Z,30.58,-89.67,0,0,,,,,
564028,2015-04-15T17:57:00Z,30.3767,-89.1628,0,0,,,,,
564024,2015-04-15T17:29:00Z,30.4,-89.07,0,0,,,,,
569223,2015-05-17T02:55:00Z,30.489,-89.5125,13,0,GaugeCorr_QPE_01H,,,,
569220,2015-05-17T02:20:00Z,30.5349,-89.168,13,0,GaugeCorr_QPE_01H,,,,
569235,2015-05-21T19:21:00Z,30.48,-90.87,13,0,GaugeCorr_QPE_01H,,,,
569270,2015-05-31T19:15:00Z,29.9193,-90.1284,13,0,GaugeCorr_QPE_01H,,,,
576589,2015-06-09T15:44:00Z,30.5364,-91.1852,13,0,GaugeCorr_QPE_01H,,,,
576610,2015-06-24T22:55:00Z,30.4665,-91.1254,13,0,GaugeCorr_QPE_01H,,,,
596683,2015-09-27T20:30:00Z,30.3492,-88.5594,13,0,GaugeCorr_QPE_01H,,,,
623144,2016-03-11T02:05:00Z,30.4503,-90.5941,13,0,GaugeCorr_QPE_01H,,,,
637638,2016-03-11T02:00:00Z,30.6758,-90.7828,13,0,GaugeCorr_QPE_01H,,,,
637631,2016-03-11T05:00:00Z,30.6864,-90.2493,13,0,GaugeCorr_QPE_01H,,,,
636864,2016-03-11T05:00:00Z,30.6924,-89.8366,13,0,GaugeCorr_QPE_01H,,,,
623143,2016-03-11T01:10:00Z,30.7755,-90.4697,13,0,GaugeCorr_QPE_01H,,,,
637634,2016-03-11T04:00:00Z,30.9919,-90.5603,13,0,GaugeCorr_QPE_01H,,,,
637627,2016-03-11T01:00:00Z,30.9988,-90.5443,13,0,GaugeCorr_QPE_01H,,,,
637647,2016-03-11T04:00:00Z,30.9998,-90.3402,13,0,GaugeCorr_QPE_01H,,,,
638047,2016-03-11T04:00:00Z,31.0048,-90.5081,13,0,GaugeCorr_QPE_01H,,,,
626986,2016-03-11T05:00:00Z,31.0083,-90.3035,13,0,GaugeCorr_QPE_01H,,,,
623151,2016-03-11T11:45:00Z,30.4026,-90.4683,13,0,GaugeCorr_QPE_01H,,,,
623166,2016-03-11T19:30:00Z,30.4346,-90.3886,13,0,GaugeCorr_QPE_01H,,,,
623146,2016-03-11T07:40:00Z,30.4417,-90.4189,13,0,GaugeCorr_QPE_01H,,,,
623145,2016-03-11T06:30:00Z,30.4441,-90.434,13,0,GaugeCorr_QPE_01H,,,,
623148,2016-03-11T08:15:00Z,30.51,-90.46,13,0,GaugeCorr_QPE_01H,,,,
623149,2016-03-11T08:55:00Z,30.51,-90.46,13,0,GaugeCorr_QPE_01H,,,,
623152,2016-03-11T17:00:00Z,30.5274,-90.0391,13,0,GaugeCorr_QPE_01H,,,,
623147,2016-03-11T07:50:00Z,30.6471,-90.1607,13,0,GaugeCorr_QPE_01H,,,,
623150,2016-03-11T09:15:00Z,30.8138,-90.1078,13,0,GaugeCorr_QPE_01H,,,,
623205,2016-04-01T15:30:00Z,29.98,-90.23,13,0,GaugeCorr_QPE_01H,,,,
623206,2016-04-01T15:30:00Z,30.05,-90.03,13,0,GaugeCorr_QPE_01H,,,,
623350,2016-04-28T11:15:00Z,30.3919,-88.8876,13,0,GaugeCorr_QPE_01H,,,,
636709,2016-05-17T20:33:00Z,30.5,-89.13,12,0,GaugeCorr_QPE_01H,,,,
655873,2016-08-11T14:00:00Z,29.987,-90.364,13,0,GaugeCorr_QPE_01H,,,,
657209,2016-08-11T14:00:00Z,30.062,-90.874,13,0,GaugeCorr_QPE_01H,,,,
657051,2016-08-11T15:00:00Z,30.173,-90.892,13,0,GaugeCorr_QPE_01H,,,,
655874,2016-08-11T14:00:00Z,30.495,-89.028,13,0,GaugeCorr_QPE_01H,,,,
657052,2016-08-12T12:00:00Z,30.335,-91.012,13,0,GaugeCorr_QPE_01H,,,,
655852,2016-08-12T09:15:00Z,30.647,-90.906,13,0,GaugeCorr_QPE_01H,,,,
655492,2016-08-12T12:30:00Z,30.716,-90.853,13,0,GaugeCorr_QPE_01H,,,,
656000,2016-08-12T10:30:00Z,30.999,-91.176,13,0,GaugeCorr_QPE_01H,,,,
656655,2016-08-12T09:15:00Z,30.999,-90.566,13,0,GaugeCorr_QPE_01H,,,,
656004,2016-08-12T07:00:00Z,30.999,-90.826,13,0,GaugeCorr_QPE_01H,,,,
655871,2016-08-12T10:30:00Z,31.0,-91.515,13,0,GaugeCorr_QPE_01H,,,,
657314,2016-08-12T17:30:00Z,31.0,-90.347,13,0,GaugeCorr_QPE_01H,,,,
656891,2016-08-12T15:00:00Z,31.011,-91.768,13,0,GaugeCorr_QPE_01H,,,,
655999,2016-08-12T08:15:00Z,31.131,-90.548,13,0,GaugeCorr_QPE_01H,,,,
655992,2016-08-12T09:15:00Z,31.323,-91.385,13,0,GaugeCorr_QPE_01H,,,,
655998,2016-08-12T09:15:00Z,31.323,-91.097,13,0,GaugeCorr_QPE_01H,,,,
656895,2016-08-13T15:30:00Z,30.569,-91.398,13,0,GaugeCorr_QPE_01H,,,,
654774,2016-08-17T23:30:00Z,30.5347,-91.1921,13,0,GaugeCorr_QPE_01H,,,,
654775,2016-08-18T21:00:00Z,30.87,-91.03,13,0,GaugeCorr_QPE_01H,,,,
669645,2017-01-19T15:20:00Z,30.5247,-91.1876,13,0,GaugeCorr_QPE_01H,,,,
688734,2017-04-03T10:15:00Z,30.28,-89.78,13,0,GaugeCorr_QPE_01H,,,,
688729,2017-04-03T08:00:00Z,30.4558,-90.9699,13,0,GaugeCorr_QPE_01H,,,,
688731,2017-04-03T08:30:00Z,30.4668,-90.9702,13,0,GaugeCorr_QPE_01H,,,,
715423,2017-06-22T11:30:00Z,30.3443,-88.7275,13,0,GaugeCorr_QPE_01H,,,,
707040,2017-06-24T18:40:00Z,29.99,-90.36,13,0,GaugeCorr_QPE_01H,,,,
707043,2017-06-29T22:10:00Z,30.36,-89.18,13,0,GaugeCorr_QPE_01H,,,,
707042,2017-06-29T21:30:00Z,30.4547,-89.1403,13,0,GaugeCorr_QPE_01H,,,,
707041,2017-06-29T21:00:00Z,30.6344,-88.6157,13,0,GaugeCorr_QPE_01H,,,,
713219,2017-07-08T12:50:00Z,30.96,-91.11,13,0,GaugeCorr_QPE_01H,,,,
713238,2017-08-04T19:45:00Z,30.0091,-90.3028,13,0,GaugeCorr_QPE_01H,,,,
713244,2017-08-05T19:55:00Z,30.0091,-90.1165,13,0,GaugeCorr_QPE_01H,,,,
713245,2017-08-06T14:00:00Z,30.66,-89.11,13,0,GaugeCorr_QPE_01H,,,,
713248,2017-08-09T00:00:00Z,30.01,-90.08,13,0,GaugeCorr_QPE_01H,,,,
713264,2017-08-29T12:00:00Z,29.6788,-90.5315,13,0,GaugeCorr_QPE_01H,,,,
713266,2017-08-29T13:00:00Z,29.9217,-90.3371,13,0,GaugeCorr_QPE_01H,,,,
713267,2017-08-29T14:00:00Z,30.0568,-90.8154,13,0,GaugeCorr_QPE_01H,,,,
713255,2017-08-30T06:30:00Z,30.371,-88.5313,13,0,GaugeCorr_QPE_01H,,,,
720035,2017-10-02T16:30:00Z,29.9859,-90.1416,13,0,GaugeCorr_QPE_01H,,,,
720034,2017-10-02T16:15:00Z,29.99,-90.0788,13,0,GaugeCorr_QPE_01H,,,,
720038,2017-10-02T17:00:00Z,29.994,-90.1045,13,0,GaugeCorr_QPE_01H,,,,
720095,2017-10-22T03:18:00Z,30.521,-91.4681,13,0,GaugeCorr_QPE_01H,,,,
720093,2017-10-22T03:00:00Z,30.5617,-91.4722,13,0,GaugeCorr_QPE_01H,,,,
720089,2017-10-22T14:30:00Z,30.3372,-89.1711,13,0,GaugeCorr_QPE_01H,,,,
720098,2017-10-22T14:30:00Z,30.6551,-91.3699,13,0,GaugeCorr_QPE_01H,,,,
724115,2017-10-22T11:00:00Z,30.7448,-91.1707,13,0,GaugeCorr_QPE_01H,,,,
720096,2017-10-22T11:15:00Z,30.8321,-91.4378,13,0,GaugeCorr_QPE_01H,,,,
731719,2018-01-27T18:45:00Z,30.3904,-91.1188,13,0,GaugeCorr_QPE_01H,,,,
731718,2018-01-27T17:20:00Z,30.4135,-91.18,13,0,GaugeCorr_QPE_01H,,,,
731722,2018-01-27T21:10:00Z,30.5524,-91.055,13,0,GaugeCorr_QPE_01H,,,,
742990,2018-04-14T22:39:00Z,30.3037,-89.2838,13,0,GaugeCorr_QPE_01H,,,,
742986,2018-04-14T18:00:00Z,30.31,-89.33,13,0,GaugeCorr_QPE_01H,,,,
742988,2018-04-14T20:30:00Z,30.36,-89.17,13,0,GaugeCorr_QPE_01H,,,,
742989,2018-04-14T20:55:00Z,30.36,-89.17,13,0,GaugeCorr_QPE_01H,,,,
742987,2018-04-14T18:00:00Z,30.4938,-89.3819,13,0,GaugeCorr_QPE_01H,,,,
742991,2018-04-14T22:41:00Z,30.52,-89.11,13,0,GaugeCorr_QPE_01H,,,,
742992,2018-04-14T23:30:00Z,30.6683,-89.2193,13,0,GaugeCorr_QPE_01H,,,,
752754,2018-05-18T20:30:00Z,30.027,-90.0409,13,0,GaugeCorr_QPE_01H,,,,
752780,2018-06-12T21:52:00Z,30.4333,-91.1841,13,0,GaugeCorr_QPE_01H,,,,
756331,2018-07-03T10:40:00Z,29.92,-90.01,13,0,GaugeCorr_QPE_01H,,,,
756334,2018-07-03T11:35:00Z,29.92,-90.01,13,0,GaugeCorr_QPE_01H,,,,
767703,2018-07-16T20:35:00Z,30.2357,-89.4391,13,0,GaugeCorr_QPE_01H,,,,
767702,2018-07-16T19:15:00Z,30.44,-89.07,13,0,GaugeCorr_QPE_01H,,,,
767852,2018-08-18T17:07:00Z,29.9285,-90.0671,13,0,GaugeCorr_QPE_01H,,,,
767854,2018-08-18T18:24:00Z,29.96,-90.34,13,0,GaugeCorr_QPE_01H,,,,
792852,2018-12-27T21:00:00Z,30.699,-91.2477,13,0,GaugeCorr_QPE_01H,,,,
792854,2018-12-28T00:15:00Z,30.97,-89.8,13,0,GaugeCorr_QPE_01H,,,,
792863,2018-12-28T01:00:00Z,31.0452,-89.8165,13,0,GaugeCorr_QPE_01H,,,,
792864,2018-12-28T03:58:00Z,31.0817,-89.7437,13,0,GaugeCorr_QPE_01H,,,,
792855,2018-12-28T07:30:00Z,29.9419,-90.3199,13,0,GaugeCorr_QPE_01H,,,,
821345,2019-04-18T18:20:00Z,30.4347,-91.1064,13,0,GaugeCorr_QPE_01H,,,,
815634,2019-05-09T23:00:00Z,30.28,-91.24,13,0,GaugeCorr_QPE_01H,,,,
815629,2019-05-09T20:30:00Z,30.5354,-91.1869,13,0,GaugeCorr_QPE_01H,,,,
815630,2019-05-09T21:30:00Z,30.83,-91.05,13,0,GaugeCorr_QPE_01H,,,,
815628,2019-05-09T19:15:00Z,30.86,-91.01,13,0,GaugeCorr_QPE_01H,,,,
815635,2019-05-10T12:30:00Z,30.5613,-91.0231,13,0,GaugeCorr_QPE_01H,,,,
815737,2019-05-11T21:47:00Z,30.75,-91.34,13,0,GaugeCorr_QPE_01H,,,,
815741,2019-05-11T07:00:00Z,30.9606,-89.7072,13,0,GaugeCorr_QPE_01H,,,,
830598,2019-05-11T06:00:00Z,30.9905,-89.8676,13,0,GaugeCorr_QPE_01H,,,,
815761,2019-05-12T05:31:00Z,29.8405,-90.1192,13,0,GaugeCorr_QPE_01H,,,,
815764,2019-05-12T10:30:00Z,29.9245,-90.069,13,0,GaugeCorr_QPE_01H,,,,
815765,2019-05-12T11:05:00Z,29.98,-90.35,13,0,GaugeCorr_QPE_01H,,,,
815762,2019-05-12T09:37:00Z,30.0,-90.42,13,0,GaugeCorr_QPE_01H,,,,
815763,2019-05-12T10:20:00Z,30.0175,-90.1363,13,0,GaugeCorr_QPE_01H,,,,
839660,2019-06-06T12:30:00Z,30.5307,-90.9718,13,0,GaugeCorr_QPE_01H,,,,
820917,2019-06-06T12:45:00Z,30.5649,-91.2103,13,0,GaugeCorr_QPE_01H,,,,
846023,2019-07-10T12:48:00Z,29.9638,-90.2275,13,0,GaugeCorr_QPE_01H,,,,
835355,2019-07-10T12:15:00Z,29.9793,-90.1214,13,0,GaugeCorr_QPE_01H,,,,
835399,2019-07-20T17:00:00Z,29.95,-90.1,13,0,GaugeCorr_QPE_01H,,,,
835410,2019-07-24T02:00:00Z,29.9403,-90.3368,13,0,GaugeCorr_QPE_01H,,,,
835409,2019-07-23T20:00:00Z,30.3777,-88.5577,13,0,GaugeCorr_QPE_01H,,,,
842868,2019-08-19T18:50:00Z,30.3,-89.75,13,0,GaugeCorr_QPE_01H,,,,
842874,2019-08-26T20:20:00Z,29.9691,-90.1189,13,0,GaugeCorr_QPE_01H,,,,
854669,2019-08-26T20:20:00Z,29.971,-89.9997,13,0,GaugeCorr_QPE_01H,,,,
856814,2019-10-11T00:42:00Z,29.9336,-90.3569,13,0,GaugeCorr_QPE_01H,,,,
861726,2019-10-26T07:30:00Z,29.7297,-90.7872,13,0,GaugeCorr_QPE_01H,,,,
894568,2020-05-15T04:45:00Z,29.96,-90.37,13,0,GaugeCorr_QPE_01H,,,,
894566,2020-05-15T03:45:00Z,30.4,-90.16,13,0,GaugeCorr_QPE_01H,,,,
894567,2020-05-15T04:15:00Z,30.44,-90.27,13,0,GaugeCorr_QPE_01H,,,,
894565,2020-05-15T03:36:00Z,30.45,-90.28,13,0,GaugeCorr_QPE_01H,,,,
899389,2020-06-10T12:54:00Z,30.0076,-90.0529,13,0,GaugeCorr_QPE_01H,,,,
899302,2020-06-24T21:00:00Z,29.59,-90.7,13,0,GaugeCorr_QPE_01H,,,,
911870,2020-07-02T17:45:00Z,29.83,-90.47,13,0,GaugeCorr_QPE_01H,,,,
911890,2020-07-03T19:30:00Z,29.83,-90.47,13,0,GaugeCorr_QPE_01H,,,,
911902,2020-07-05T19:35:00Z,29.97,-90.38,13,0,GaugeCorr_QPE_01H,,,,
911907,2020-07-05T20:37:00Z,30.2936,-89.773,13,0,GaugeCorr_QPE_01H,,,,
911912,2020-07-06T15:30:00Z,30.2179,-90.8684,13,0,GaugeCorr_QPE_01H,,,,
911944,2020-07-28T19:22:00Z,29.97,-90.38,13,0,GaugeCorr_QPE_01H,,,,
911951,2020-07-28T21:45:00Z,29.9801,-90.1486,13,0,GaugeCorr_QPE_01H,,,,
911945,2020-07-28T21:30:00Z,30.0162,-90.1657,13,0,GaugeCorr_QPE_01H,,,,
916068,2020-08-20T18:30:00Z,30.28,-89.78,13,0,GaugeCorr_QPE_01H,,,,
916076,2020-08-28T23:00:00Z,29.9183,-90.2067,13,0,GaugeCorr_QPE_01H,,,,
916074,2020-08-28T22:39:00Z,29.9527,-90.2017,13,0,GaugeCorr_QPE_01H,,,,
916075,2020-08-28T22:52:00Z,29.9632,-90.2058,13,0,GaugeCorr_QPE_01H,,,,
924766,2020-10-09T04:28:00Z,30.5009,-91.1662,13,0,GaugeCorr_QPE_01H,,,,
924767,2020-10-09T04:28:00Z,30.5114,-91.0347,13,0,GaugeCorr_QPE_01H,,,,
924768,2020-10-09T05:16:00Z,30.4285,-91.154,13,0,GaugeCorr_QPE_01H,,,,
924977,2020-10-09T05:29:00Z,30.4509,-91.0278,13,0,GaugeCorr_QPE_01H,,,,
924978,2020-10-10T00:27:00Z,30.5051,-91.0446,13,0,GaugeCorr_QPE_01H,,,,
924769,2020-10-09T05:25:00Z,30.5442,-91.1976,13,0,GaugeCorr_QPE_01H,,,,
944504,2021-02-11T14:00:00Z,30.867,-91.0096,13,0,MultiSensor_QPE_01H_Pass2,,,,
949949,2021-03-24T00:31:00Z,29.58,-90.71,13,0,MultiSensor_QPE_01H_Pass2,,,,
949948,2021-03-23T18:00:00Z,29.9841,-90.0781,13,0,MultiSensor_QPE_01H_Pass2,,,,
953891,2021-04-08T08:32:00Z,29.9718,-90.2304,13,0,MultiSensor_QPE_01H_Pass2,,,,
953892,2021-04-08T08:12:00Z,30.0343,-90.2557,13,0,MultiSensor_QPE_01H_Pass2,,,,
954037,2021-04-10T10:30:00Z,30.484,-89.7016,13,0,MultiSensor_QPE_01H_Pass2,,,,
954087,2021-04-13T18:10:00Z,29.9041,-90.3954,13,0,MultiSensor_QPE_01H_Pass2,,,,
954089,2021-04-13T18:15:00Z,29.93,-90.37,13,0,MultiSensor_QPE_01H_Pass2,,,,
954088,2021-04-13T18:10:00Z,29.97,-90.38,13,0,MultiSensor_QPE_01H_Pass2,,,,
954323,2021-04-15T10:59:00Z,30.3633,-90.0707,13,0,MultiSensor_QPE_01H_Pass2,,,,
954327,2021-04-15T15:52:00Z,30.38,-88.62,13,0,MultiSensor_QPE_01H_Pass2,,,,
954325,2021-04-15T14:40:00Z,30.42,-89.43,13,0,MultiSensor_QPE_01H_Pass2,,,,
954326,2021-04-15T15:00:00Z,30.4566,-89.12,13,0,MultiSensor_QPE_01H_Pass2,,,,
954335,2021-04-24T07:00:00Z,31.1583,-91.5022,13,0,MultiSensor_QPE_01H_Pass2,,,,
960511,2021-05-05T12:30:00Z,29.9964,-90.1157,13,0,MultiSensor_QPE_01H_Pass2,,,,
960510,2021-05-05T12:30:00Z,30.3844,-90.0496,13,0,MultiSensor_QPE_01H_Pass2,,,,
960506,2021-05-10T07:20:00Z,29.9812,-90.1221,13,0,MultiSensor_QPE_01H_Pass2,,,,
960507,2021-05-10T07:54:00Z,30.0218,-90.1225,13,0,MultiSensor_QPE_01H_Pass2,,,,
960538,2021-05-18T01:04:00Z,30.1954,-91.018,13,0,MultiSensor_QPE_01H_Pass2,,,,
960546,2021-05-18T01:52:00Z,30.2581,-91.0916,13,0,MultiSensor_QPE_01H_Pass2,,,,
960540,2021-05-18T01:09:00Z,30.2728,-90.9977,13,0,MultiSensor_QPE_01H_Pass2,,,,
960529,2021-05-18T02:20:00Z,30.3617,-91.077,13,0,MultiSensor_QPE_01H_Pass2,,,,
960533,2021-05-18T01:07:00Z,30.3646,-91.055,13,0,MultiSensor_QPE_01H_Pass2,,,,
960531,2021-05-18T00:48:00Z,30.3778,-91.0965,13,0,MultiSensor_QPE_01H_Pass2,,,,
960541,2021-05-18T01:10:00Z,30.3956,-91.027,13,0,MultiSensor_QPE_01H_Pass2,,,,
960548,2021-05-18T01:55:00Z,30.4027,-90.9998,13,0,MultiSensor_QPE_01H_Pass2,,,,
960530,2021-05-18T00:22:00Z,30.4103,-91.0661,13,0,MultiSensor_QPE_01H_Pass2,,,,
960544,2021-05-18T01:49:00Z,30.4149,-91.099,13,0,MultiSensor_QPE_01H_Pass2,,,,
960532,2021-05-18T01:00:00Z,30.419,-91.0831,13,0,MultiSensor_QPE_01H_Pass2,,,,
960547,2021-05-18T01:54:00Z,30.4408,-91.0116,13,0,MultiSensor_QPE_01H_Pass2,,,,
960542,2021-05-18T01:45:00Z,30.4631,-91.2581,13,0,MultiSensor_QPE_01H_Pass2,,,,
960557,2021-05-18T09:50:00Z,29.9458,-90.1356,13,0,MultiSensor_QPE_01H_Pass2,,,,
960553,2021-05-18T07:30:00Z,29.95,-90.45,13,0,MultiSensor_QPE_01H_Pass2,,,,
960555,2021-05-18T08:37:00Z,29.9537,-90.3895,13,0,MultiSensor_QPE_01H_Pass2,,,,
960554,2021-05-18T07:30:00Z,30.009,-90.427,13,0,MultiSensor_QPE_01H_Pass2,,,,
960559,2021-05-18T10:30:00Z,30.4197,-91.1998,13,0,MultiSensor_QPE_01H_Pass2,,,,
960515,2021-05-20T16:30:00Z,30.2696,-90.9998,13,0,MultiSensor_QPE_01H_Pass2,,,,
960521,2021-05-20T17:00:00Z,30.2866,-90.9845,13,0,MultiSensor_QPE_01H_Pass2,,,,
960520,2021-05-20T16:55:00Z,30.3394,-90.7931,13,0,MultiSensor_QPE_01H_Pass2,,,,
960518,2021-05-20T16:50:00Z,30.3514,-91.0247,13,0,MultiSensor_QPE_01H_Pass2,,,,
960516,2021-05-20T16:42:00Z,30.5226,-91.1602,13,0,MultiSensor_QPE_01H_Pass2,,,,
960519,2021-05-20T16:51:00Z,30.5656,-91.0071,13,0,MultiSensor_QPE_01H_Pass2,,,,
968082,2021-06-19T03:31:00Z,30.29,-89.78,13,0,MultiSensor_QPE_01H_Pass2,,,,
968085,2021-06-19T04:13:00Z,30.2988,-89.736,13,0,MultiSensor_QPE_01H_Pass2,,,,
968079,2021-06-19T03:30:00Z,30.31,-89.9,13,0,MultiSensor_QPE_01H_Pass2,,,,
968099,2021-06-21T20:30:00Z,29.94,-90.18,13,0,MultiSensor_QPE_01H_Pass2,,,,
968098,2021-06-21T20:15:00Z,29.96,-90.18,13,0,MultiSensor_QPE_01H_Pass2,,,,
968103,2021-06-21T21:20:00Z,29.97,-90.14,13,0,MultiSensor_QPE_01H_Pass2,,,,
968096,2021-06-21T19:30:00Z,29.99,-90.1,13,0,MultiSensor_QPE_01H_Pass2,,,,
968100,2021-06-21T20:30:00Z,29.99,-90.14,13,0,MultiSensor_QPE_01H_Pass2,,,,
968101,2021-06-21T20:30:00Z,29.99,-90.11,13,0,MultiSensor_QPE_01H_Pass2,,,,
968097,2021-06-21T20:00:00Z,30.0,-90.12,13,0,MultiSensor_QPE_01H_Pass2,,,,
968102,2021-06-21T21:10:00Z,30.01,-90.1,13,0,MultiSensor_QPE_01H_Pass2,,,,
968106,2021-06-21T22:41:00Z,30.28,-89.78,13,0,MultiSensor_QPE_01H_Pass2,,,,
968105,2021-06-21T22:37:00Z,30.29,-89.8,13,0,MultiSensor_QPE_01H_Pass2,,,,
968109,2021-06-22T02:00:00Z,30.38,-89.04,13,0,MultiSensor_QPE_01H_Pass2,,,,
968108,2021-06-22T00:30:00Z,30.4061,-88.8785,13,0,MultiSensor_QPE_01H_Pass2,,,,
968107,2021-06-22T00:30:00Z,30.47,-88.94,13,0,MultiSensor_QPE_01H_Pass2,,,,
968134,2021-06-23T16:56:00Z,29.93,-90.07,13,0,MultiSensor_QPE_01H_Pass2,,,,
968136,2021-06-23T17:45:00Z,29.94,-90.16,13,0,MultiSensor_QPE_01H_Pass2,,,,
968133,2021-06-23T16:50:00Z,29.96,-90.18,13,0,MultiSensor_QPE_01H_Pass2,,,,
968138,2021-06-25T17:50:00Z,30.26,-89.77,13,0,MultiSensor_QPE_01H_Pass2,,,,
968146,2021-06-25T18:00:00Z,30.29,-89.8,13,0,MultiSensor_QPE_01H_Pass2,,,,
974409,2021-07-02T23:21:00Z,30.31,-90.9,13,0,MultiSensor_QPE_01H_Pass2,,,,
974410,2021-07-02T23:29:00Z,30.32,-90.94,13,0,MultiSensor_QPE_01H_Pass2,,,,
974412,2021-07-03T18:20:00Z,29.96,-90.0,13,0,MultiSensor_QPE_01H_Pass2,,,,
974411,2021-07-03T18:20:00Z,29.96,-90.07,13,0,MultiSensor_QPE_01H_Pass2,,,,
974414,2021-07-03T18:30:00Z,29.97,-90.02,13,0,MultiSensor_QPE_01H_Pass2,,,,
974415,2021-07-03T18:40:00Z,29.97,-90.08,13,0,MultiSensor_QPE_01H_Pass2,,,,
974416,2021-07-03T20:45:00Z,29.99,-90.24,13,0,MultiSensor_QPE_01H_Pass2,,,,
974420,2021-07-05T08:42:00Z,29.9,-89.99,13,0,MultiSensor_QPE_01H_Pass2,,,,
974419,2021-07-05T08:40:00Z,29.94,-89.95,13,0,MultiSensor_QPE_01H_Pass2,,,,
974423,2021-07-06T10:27:00Z,30.42,-89.14,13,0,MultiSensor_QPE_01H_Pass2,,,,
974424,2021-07-06T10:40:00Z,30.44,-89.06,13,0,MultiSensor_QPE_01H_Pass2,,,,
974427,2021-07-07T03:09:00Z,30.4403,-89.0823,13,0,MultiSensor_QPE_01H_Pass2,,,,
974421,2021-07-06T09:51:00Z,30.45,-88.88,13,0,MultiSensor_QPE_01H_Pass2,,,,
974425,2021-07-07T02:21:00Z,30.47,-89.1,13,0,MultiSensor_QPE_01H_Pass2,,,,
974426,2021-07-07T02:40:00Z,30.47,-89.07,13,0,MultiSensor_QPE_01H_Pass2,,,,
974430,2021-07-07T08:15:00Z,30.4248,-90.1553,13,0,MultiSensor_QPE_01H_Pass2,,,,
974447,2021-07-16T17:38:00Z,29.9943,-90.0749,13,0,MultiSensor_QPE_01H_Pass2,,,,
974458,2021-07-20T13:03:00Z,30.36,-90.05,13,0,MultiSensor_QPE_01H_Pass2,,,,
974459,2021-07-20T13:59:00Z,30.36,-90.06,13,0,MultiSensor_QPE_01H_Pass2,,,,
974460,2021-07-20T14:07:00Z,30.3617,-90.0635,13,0,MultiSensor_QPE_01H_Pass2,,,,
974449,2021-07-20T06:19:00Z,30.39,-90.07,13,0,MultiSensor_QPE_01H_Pass2,,,,
974451,2021-07-20T07:30:00Z,30.39,-90.09,13,0,MultiSensor_QPE_01H_Pass2,,,,
974450,2021-07-20T07:15:00Z,30.4,-90.08,13,0,MultiSensor_QPE_01H_Pass2,,,,
974456,2021-07-20T11:46:00Z,30.4,-90.16,13,0,MultiSensor_QPE_01H_Pass2,,,,
974457,2021-07-20T12:15:00Z,30.41,-90.08,13,0,MultiSensor_QPE_01H_Pass2,,,,
974452,2021-07-20T10:46:00Z,30.4106,-90.0742,13,0,MultiSensor_QPE_01H_Pass2,,,,
974455,2021-07-20T11:19:00Z,30.4383,-90.0837,13,0,MultiSensor_QPE_01H_Pass2,,,,
974454,2021-07-20T10:50:00Z,30.5,-90.11,13,0,MultiSensor_QPE_01H_Pass2,,,,
974468,2021-07-27T23:25:00Z,30.51,-91.17,13,0,MultiSensor_QPE_01H_Pass2,,,,
974469,2021-07-27T23:30:00Z,30.52,-91.18,13,0,MultiSensor_QPE_01H_Pass2,,,,
978984,2021-08-30T03:00:00Z,29.9398,-90.0672,13,0,MultiSensor_QPE_01H_Pass2,,,,
978966,2021-08-30T03:00:00Z,29.9623,-90.1603,13,0,MultiSensor_QPE_01H_Pass2,,,,
979002,2021-08-30T03:00:00Z,30.0,-90.47,13,0,MultiSensor_QPE_01H_Pass2,,,,
978880,2021-08-30T17:00:00Z,30.4001,-88.4742,13,0,MultiSensor_QPE_01H_Pass2,,,,
986773,2021-09-14T17:12:00Z,30.02,-89.97,13,0,MultiSensor_QPE_01H_Pass2,,,,
986772,2021-09-14T15:19:00Z,30.03,-90.46,13,0,MultiSensor_QPE_01H_Pass2,,,,
986771,2021-09-14T23:10:00Z,30.38,-91.13,13,0,MultiSensor_QPE_01H_Pass2,,,,
986774,2021-09-15T06:56:00Z,29.93,-90.36,13,0,MultiSensor_QPE_01H_Pass2,,,,
986766,2021-09-15T12:12:00Z,30.4,-89.02,13,0,MultiSensor_QPE_01H_Pass2,,,,
986779,2021-09-15T10:45:00Z,30.47,-90.82,13,0,MultiSensor_QPE_01H_Pass2,,,,
986777,2021-09-15T10:15:00Z,30.49,-90.84,13,0,MultiSensor_QPE_01H_Pass2,,,,
986778,2021-09-15T10:30:00Z,30.49,-90.92,13,0,MultiSensor_QPE_01H_Pass2,,,,
986782,2021-09-15T11:15:00Z,30.54,-90.57,13,0,MultiSensor_QPE_01H_Pass2,,,,
986781,2021-09-15T11:00:00Z,30.55,-90.62,13,0,MultiSensor_QPE_01H_Pass2,,,,
986776,2021-09-15T08:05:00Z,30.67,-90.39,13,0,MultiSensor_QPE_01H_Pass2,,,,
986783,2021-09-15T11:15:00Z,30.72,-89.87,13,0,MultiSensor_QPE_01H_Pass2,,,,
986769,2021-09-17T14:21:00Z,30.39,-88.93,13,0,MultiSensor_QPE_01H_Pass2,,,,
986768,2021-09-17T14:17:00Z,30.44,-88.92,13,0,MultiSensor_QPE_01H_Pass2,,,,
986767,2021-09-17T14:12:00Z,30.46,-88.94,13,0,MultiSensor_QPE_01H_Pass2,,,,
986770,2021-09-28T22:00:00Z,29.94,-89.95,13,0,MultiSensor_QPE_01H_Pass2,,,,
989804,2021-10-05T00:18:00Z,30.3929,-88.8807,13,0,MultiSensor_QPE_01H_Pass2,,,,
989857,2021-10-27T22:00:00Z,30.8463,-90.1117,13,0,MultiSensor_QPE_01H_Pass2,,,,
999676,2021-12-06T20:55:00Z,30.46,-91.17,13,0,MultiSensor_QPE_01H_Pass2,,,,
1009733,2022-02-03T20:58:00Z,29.9952,-90.073,13,0,MultiSensor_QPE_01H_Pass2,,,,
1009731,2022-02-03T22:05:00Z,30.07,-90.49,13,0,MultiSensor_QPE_01H_Pass2,,,,
1009732,2022-02-03T19:58:00Z,30.37,-90.04,13,0,MultiSensor_QPE_01H_Pass2,,,,
1009734,2022-02-03T21:23:00Z,30.4,-90.08,13,0,MultiSensor_QPE_01H_Pass2,,,,
1009730,2022-02-03T18:53:00Z,30.79,-89.88,13,0,MultiSensor_QPE_01H_Pass2,,,,
1009729,2022-02-03T18:02:00Z,30.7964,-89.8645,13,0,MultiSensor_QPE_01H_Pass2,,,,
1014017,2022-03-22T21:16:00Z,30.4274,-91.1551,13,0,MultiSensor_QPE_01H_Pass2,,,,
1013963,2022-03-22T21:30:00Z,31.3479,-90.7366,13,0,MultiSensor_QPE_01H_Pass2,,,,
1021946,2022-04-14T04:14:00Z,29.9439,-90.0792,13,0,MultiSensor_QPE_01H_Pass2,,,,
1031174,2022-05-25T19:08:00Z,29.9,-89.99,13,0,MultiSensor_QPE_01H_Pass2,,,,
1031168,2022-05-25T17:15:00Z,30.03,-90.46,13,0,MultiSensor_QPE_01H_Pass2,,,,
1043354,2022-06-03T01:33:00Z,30.29,-90.89,13,0,MultiSensor_QPE_01H_Pass2,,,,
1043340,2022-06-10T16:38:00Z,29.95,-90.2,13,0,MultiSensor_QPE_01H_Pass2,,,,
1043328,2022-06-10T16:06:00Z,29.9842,-90.0954,13,0,MultiSensor_QPE_01H_Pass2,,,,
1043334,2022-06-10T16:08:00Z,30.02,-90.23,13,0,MultiSensor_QPE_01H_Pass2,,,,
1043337,2022-06-10T16:23:00Z,30.02,-90.02,13,0,MultiSensor_QPE_01H_Pass2,,,,
1043324,2022-06-10T15:24:00Z,30.0218,-90.0051,13,0,MultiSensor_QPE_01H_Pass2,,,,
1043320,2022-06-10T15:00:00Z,30.03,-90.07,13,0,MultiSensor_QPE_01H_Pass2,,,,
1043344,2022-06-10T17:06:00Z,30.03,-90.06,13,0,MultiSensor_QPE_01H_Pass2,,,,
1043315,2022-06-10T14:13:00Z,30.0333,-90.049,13,0,MultiSensor_QPE_01H_Pass2,,,,
1043285,2022-06-30T09:15:00Z,30.5225,-89.1753,13,0,MultiSensor_QPE_01H_Pass2,,,,
1043287,2022-06-30T09:30:00Z,30.5559,-89.1276,13,0,MultiSensor_QPE_01H_Pass2,,,,
1043533,2022-07-05T15:40:00Z,30.0255,-90.0409,13,0,MultiSensor_QPE_01H_Pass2,,,,
1043534,2022-07-12T21:00:00Z,30.29,-89.78,13,0,MultiSensor_QPE_01H_Pass2,,,,
1043564,2022-07-20T21:35:00Z,29.9682,-90.1085,13,0,MultiSensor_QPE_01H_Pass2,,,,
1043567,2022-07-22T11:00:00Z,30.42,-91.15,13,0,MultiSensor_QPE_01H_Pass2,,,,
1043569,2022-07-22T11:30:00Z,30.48,-91.11,13,0,MultiSensor_QPE_01H_Pass2,,,,
1043566,2022-07-22T10:55:00Z,30.52,-91.0,13,0,MultiSensor_QPE_01H_Pass2,,,,
1043568,2022-07-22T11:01:00Z,30.52,-91.18,13,0,MultiSensor_QPE_01H_Pass2,,,,
1043570,2022-07-22T11:40:00Z,30.5209,-91.1949,13,0,MultiSensor_QPE_01H_Pass2,,,,
1043573,2022-07-26T18:50:00Z,30.52,-91.19,13,0,MultiSensor_QPE_01H_Pass2,,,,
1043572,2022-07-26T18:30:00Z,30.54,-91.19,13,0,MultiSensor_QPE_01H_Pass2,,,,
1043576,2022-07-27T19:00:00Z,29.9172,-90.1189,13,0,MultiSensor_QPE_01H_Pass2,,,,
1043577,2022-07-28T19:16:00Z,30.4108,-91.0677,13,0,MultiSensor_QPE_01H_Pass2,,,,
1043580,2022-07-30T16:17:00Z,29.9397,-90.0265,13,0,MultiSensor_QPE_01H_Pass2,,,,
1043578,2022-07-30T16:17:00Z,29.97,-90.03,13,0,MultiSensor_QPE_01H_Pass2,,,,
1055137,2022-08-03T13:30:00Z,30.4036,-91.1803,13,0,MultiSensor_QPE_01H_Pass2,,,,
1055136,2022-08-03T13:20:00Z,30.41,-91.17,13,0,MultiSensor_QPE_01H_Pass2,,,,
1055138,2022-08-03T13:30:00Z,30.44,-91.15,13,0,MultiSensor_QPE_01H_Pass2,,,,
1055135,2022-08-03T13:01:00Z,30.47,-91.11,13,0,MultiSensor_QPE_01H_Pass2,,,,
1055144,2022-08-09T18:45:00Z,29.95,-90.18,13,0,MultiSensor_QPE_01H_Pass2,,,,
1055142,2022-08-09T18:00:00Z,29.96,-90.16,13,0,MultiSensor_QPE_01H_Pass2,,,,
1055143,2022-08-09T18:40:00Z,29.98,-90.15,13,0,MultiSensor_QPE_01H_Pass2,,,,
1055149,2022-08-10T17:50:00Z,29.86,-90.07,13,0,MultiSensor_QPE_01H_Pass2,,,,
1055147,2022-08-10T17:09:00Z,29.9,-90.08,13,0,MultiSensor_QPE_01H_Pass2,,,,
1055146,2022-08-10T16:29:00Z,29.9191,-90.1239,13,0,MultiSensor_QPE_01H_Pass2,,,,
1055200,2022-08-10T12:47:00Z,30.4011,-88.5202,13,0,MultiSensor_QPE_01H_Pass2,,,,
1055203,2022-08-11T18:15:00Z,30.42,-91.15,13,0,MultiSensor_QPE_01H_Pass2,,,,
1055224,2022-08-25T17:23:00Z,30.3769,-88.6525,12,0,MultiSensor_QPE_01H_Pass2,,,,
1055233,2022-08-25T17:24:00Z,30.39,-88.7,12,0,MultiSensor_QPE_01H_Pass2,,,,
1055236,2022-08-25T18:10:00Z,30.3926,-88.9703,12,0,MultiSensor_QPE_01H_Pass2,,,,
1055234,2022-08-25T18:00:00Z,30.4345,-88.9656,12,0,MultiSensor_QPE_01H_Pass2,,,,
1057934,2022-09-03T19:50:00Z,29.92,-90.1,13,0,MultiSensor_QPE_01H_Pass2,,,,
1057932,2022-09-03T19:35:00Z,29.9202,-90.102,13,0,MultiSensor_QPE_01H_Pass2,,,,
1057937,2022-09-03T19:50:00Z,29.923,-90.0807,13,0,MultiSensor_QPE_01H_Pass2,,,,
1057945,2022-09-03T19:50:00Z,29.9233,-90.1011,13,0,MultiSensor_QPE_01H_Pass2,,,,
1057935,2022-09-03T19:50:00Z,29.9267,-90.073,13,0,MultiSensor_QPE_01H_Pass2,,,,
1057931,2022-09-03T19:29:00Z,29.94,-90.12,13,0,MultiSensor_QPE_01H_Pass2,,,,
1057949,2022-09-03T19:57:00Z,29.94,-90.12,13,0,MultiSensor_QPE_01H_Pass2,,,,
1057933,2022-09-03T19:47:00Z,29.9412,-90.1168,13,0,MultiSensor_QPE_01H_Pass2,,,,
1057948,2022-09-03T19:50:00Z,29.9493,-90.1316,13,0,MultiSensor_QPE_01H_Pass2,,,,
1057928,2022-09-03T14:50:00Z,30.42,-91.15,13,0,MultiSensor_QPE_01H_Pass2,,,,
1057929,2022-09-03T14:50:00Z,30.4245,-91.1323,13,0,MultiSensor_QPE_01H_Pass2,,,,
1057930,2022-09-03T14:50:00Z,30.44,-91.14,13,0,MultiSensor_QPE_01H_Pass2,,,,
1068503,2022-12-14T23:15:00Z,29.9898,-90.0891,13,0,MultiSensor_QPE_01H_Pass2,,,,
1068502,2022-12-14T21:45:00Z,30.8031,-89.8398,13,0,MultiSensor_QPE_01H_Pass2,,,,
1071420,2022-12-14T16:00:00Z,31.13,-91.52,13,0,MultiSensor_QPE_01H_Pass2,,,,
1071419,2022-12-14T16:00:00Z,31.28,-91.05,13,0,MultiSensor_QPE_01H_Pass2,,,,
1077274,2023-01-21T12:00:00Z,30.4644,-91.0186,13,0,MultiSensor_QPE_01H_Pass2,,,,
1077656,2023-01-29T19:20:00Z,30.36,-91.11,13,0,MultiSensor_QPE_01H_Pass2,,,,
1077654,2023-01-29T18:51:00Z,30.41,-91.15,13,0,MultiSensor_QPE_01H_Pass2,,,,
1077646,2023-01-29T16:46:00Z,30.42,-91.15,13,0,MultiSensor_QPE_01H_Pass2,,,,
1077652,2023-01-29T16:49:00Z,30.4365,-90.8972,13,0,MultiSensor_QPE_01H_Pass2,,,,
1077657,2023-01-29T19:40:00Z,30.4575,-91.1817,13,0,MultiSensor_QPE_01H_Pass2,,,,
1077655,2023-01-29T19:10:00Z,30.46,-91.18,13,0,MultiSensor_QPE_01H_Pass2,,,,
1077658,2023-01-29T20:10:00Z,30.46,-90.92,13,0,MultiSensor_QPE_01H_Pass2,,,,
1083312,2023-02-09T05:15:00Z,29.9309,-90.1786,13,0,MultiSensor_QPE_01H_Pass2,,,,
1083309,2023-02-16T23:02:00Z,30.6346,-91.2456,13,0,MultiSensor_QPE_01H_Pass2,,,,
1096104,2023-04-07T15:20:00Z,30.52,-91.18,13,0,MultiSensor_QPE_01H_Pass2,,,,
1104590,2023-05-09T20:00:00Z,29.98,-90.12,13,0,MultiSensor_QPE_01H_Pass2,,,,
1104574,2023-05-09T17:05:00Z,29.99,-90.08,13,0,MultiSensor_QPE_01H_Pass2,,,,
1104586,2023-05-09T18:50:00Z,29.99,-90.11,13,0,MultiSensor_QPE_01H_Pass2,,,,
1104589,2023-05-09T19:30:00Z,29.99,-90.11,13,0,MultiSensor_QPE_01H_Pass2,,,,
1104591,2023-05-09T20:15:00Z,30.01,-90.11,13,0,MultiSensor_QPE_01H_Pass2,,,,
1104592,2023-05-09T20:20:00Z,30.01,-90.11,13,0,MultiSensor_QPE_01H_Pass2,,,,
1104576,2023-05-09T17:25:00Z,30.01,-90.06,13,0,MultiSensor_QPE_01H_Pass2,,,,
1104585,2023-05-09T18:48:00Z,30.01,-90.12,13,0,MultiSensor_QPE_01H_Pass2,,,,
1104588,2023-05-09T19:20:00Z,30.01,-90.12,13,0,MultiSensor_QPE_01H_Pass2,,,,
1104580,2023-05-09T17:50:00Z,30.02,-90.04,13,0,MultiSensor_QPE_01H_Pass2,,,,
1104582,2023-05-09T17:58:00Z,30.03,-89.99,13,0,MultiSensor_QPE_01H_Pass2,,,,
1104579,2023-05-09T17:25:00Z,30.0329,-90.0284,13,0,MultiSensor_QPE_01H_Pass2,,,,
1116102,2023-06-20T02:18:00Z,30.28,-89.76,13,0,MultiSensor_QPE_01H_Pass2,,,,
1116212,2023-06-20T17:46:00Z,30.47,-89.08,13,0,MultiSensor_QPE_01H_Pass2,,,,
1125765,2023-07-22T23:42:00Z,29.97,-90.05,13,0,MultiSensor_QPE_01H_Pass2,,,,
1125775,2023-07-23T00:03:00Z,29.98,-90.03,13,0,MultiSensor_QPE_01H_Pass2,,,,
1125770,2023-07-22T23:56:00Z,29.99,-90.07,13,0,MultiSensor_QPE_01H_Pass2,,,,
1142731,2023-09-04T17:35:00Z,29.97,-90.07,13,0,MultiSensor_QPE_01H_Pass2,,,,
1142725,2023-09-04T17:06:00Z,29.97,-90.09,13,0,MultiSensor_QPE_01H_Pass2,,,,
1142729,2023-09-04T17:35:00Z,29.97,-90.11,13,0,MultiSensor_QPE_01H_Pass2,,,,
1142728,2023-09-04T17:15:00Z,29.98,-90.11,13,0,MultiSensor_QPE_01H_Pass2,,,,
1142804,2023-09-04T18:00:00Z,29.99,-90.11,13,0,MultiSensor_QPE_01H_Pass2,,,,
1142722,2023-09-04T17:13:00Z,29.99,-90.07,13,0,MultiSensor_QPE_01H_Pass2,,,,
1142730,2023-09-04T17:38:00Z,30.0,-90.11,13,0,MultiSensor_QPE_01H_Pass2,,,,
1142720,2023-09-04T17:00:00Z,30.0,-90.11,13,0,MultiSensor_QPE_01H_Pass2,,,,
1142803,2023-09-04T17:45:00Z,30.01,-90.1,13,0,MultiSensor_QPE_01H_Pass2,,,,
1142802,2023-09-04T17:30:00Z,30.28,-89.76,13,0,MultiSensor_QPE_01H_Pass2,,,,
1142716,2023-09-04T16:02:00Z,30.28,-89.77,13,0,MultiSensor_QPE_01H_Pass2,,,,
1142719,2023-09-04T16:49:00Z,30.28,-89.77,13,0,MultiSensor_QPE_01H_Pass2,,,,
1142718,2023-09-04T16:36:00Z,30.33,-89.83,13,0,MultiSensor_QPE_01H_Pass2,,,,
1142727,2023-09-04T17:14:00Z,30.34,-89.83,13,0,MultiSensor_QPE_01H_Pass2,,,,
1142843,2023-09-25T09:50:00Z,30.49,-90.49,13,0,MultiSensor_QPE_01H_Pass2,,,,
1153148,2023-12-01T10:39:00Z,30.42,-91.1,13,0,MultiSensor_QPE_01H_Pass2,,,,
1153152,2023-12-02T12:55:00Z,29.95,-90.1,13,0,MultiSensor_QPE_01H_Pass2,,,,
1156452,2024-01-08T23:40:00Z,30.06,-90.46,13,0,MultiSensor_QPE_01H_Pass2,,,,
1158259,2024-01-08T23:40:00Z,30.38,-89.97,13,0,MultiSensor_QPE_01H_Pass2,,,,
1158261,2024-01-09T00:00:00Z,30.38,-90.0199,13,0,MultiSensor_QPE_01H_Pass2,,,,
1158264,2024-01-09T08:27:00Z,30.27,-89.74,13,0,MultiSensor_QPE_01H_Pass2,,,,
1158265,2024-01-09T08:29:00Z,30.36,-89.75,13,0,MultiSensor_QPE_01H_Pass2,,,,
1158277,2024-01-24T20:00:00Z,29.78,-90.85,13,0,MultiSensor_QPE_01H_Pass2,,,,
1158281,2024-01-24T21:42:00Z,29.79,-90.82,13,0,MultiSensor_QPE_01H_Pass2,,,,
1158279,2024-01-24T21:05:00Z,29.8,-90.82,13,0,MultiSensor_QPE_01H_Pass2,,,,
1158273,2024-01-24T19:19:00Z,29.8059,-90.8142,13,0,MultiSensor_QPE_01H_Pass2,,,,
1158274,2024-01-24T19:40:00Z,30.0535,-90.6925,13,0,MultiSensor_QPE_01H_Pass2,,,,
1158271,2024-01-24T18:55:00Z,30.0669,-90.6928,13,0,MultiSensor_QPE_01H_Pass2,,,,
1158278,2024-01-24T20:59:00Z,30.3484,-90.0414,13,0,MultiSensor_QPE_01H_Pass2,,,,
1158286,2024-01-24T23:13:00Z,30.36,-90.06,13,0,MultiSensor_QPE_01H_Pass2,,,,
1158283,2024-01-24T22:07:00Z,30.37,-90.06,13,0,MultiSensor_QPE_01H_Pass2,,,,
1158285,2024-01-24T23:05:00Z,30.37,-90.07,13,0,MultiSensor_QPE_01H_Pass2,,,,
1158288,2024-01-24T23:47:00Z,30.38,-90.03,13,0,MultiSensor_QPE_01H_Pass2,,,,
1158280,2024-01-24T21:33:00Z,30.39,-90.06,13,0,MultiSensor_QPE_01H_Pass2,,,,
1158287,2024-01-24T23:20:00Z,30.39,-90.07,13,0,MultiSensor_QPE_01H_Pass2,,,,
1158284,2024-01-24T22:53:00Z,30.45,-90.08,13,0,MultiSensor_QPE_01H_Pass2,,,,
1158276,2024-01-24T19:49:00Z,30.4751,-90.0902,13,0,MultiSensor_QPE_01H_Pass2,,,,
1158275,2024-01-24T19:46:00Z,30.53,-90.21,13,0,MultiSensor_QPE_01H_Pass2,,,,
1158272,2024-01-24T19:05:00Z,30.62,-90.29,13,0,MultiSensor_QPE_01H_Pass2,,,,
1158282,2024-01-24T21:58:00Z,30.63,-90.26,13,0,MultiSensor_QPE_01H_Pass2,,,,
1158289,2024-01-24T13:45:00Z,30.8344,-91.6478,13,0,MultiSensor_QPE_01H_Pass2,,,,
1158270,2024-01-24T16:00:00Z,30.96,-91.8,13,0,MultiSensor_QPE_01H_Pass2,,,,
1158292,2024-01-24T16:25:00Z,31.12,-91.3,13,0,MultiSensor_QPE_01H_Pass2,,,,
1158290,2024-01-24T14:30:00Z,31.15,-91.47,13,0,MultiSensor_QPE_01H_Pass2,,,,
1158291,2024-01-24T15:05:00Z,31.18,-91.53,13,0,MultiSensor_QPE_01H_Pass2,,,,
1162275,2024-02-04T00:53:00Z,29.91,-90.05,13,0,MultiSensor_QPE_01H_Pass2,,,,
1162276,2024-02-04T00:53:00Z,29.9297,-90.1605,13,0,MultiSensor_QPE_01H_Pass2,,,,
1162277,2024-02-04T01:20:00Z,29.9445,-89.9702,13,0,MultiSensor_QPE_01H_Pass2,,,,
1162278,2024-02-04T01:30:00Z,29.979,-90.0991,13,0,MultiSensor_QPE_01H_Pass2,,,,
1162280,2024-02-04T01:40:00Z,29.9921,-90.1285,13,0,MultiSensor_QPE_01H_Pass2,,,,
1162274,2024-02-04T00:43:00Z,30.0085,-90.0179,13,0,MultiSensor_QPE_01H_Pass2,,,,
1168658,2024-03-04T23:47:00Z,29.94,-90.11,13,0,MultiSensor_QPE_01H_Pass2,,,,
1168657,2024-03-04T23:40:00Z,29.95,-90.05,13,0,MultiSensor_QPE_01H_Pass2,,,,
1168662,2024-03-05T00:20:00Z,29.95,-90.06,13,0,MultiSensor_QPE_01H_Pass2,,,,
1168660,2024-03-05T00:10:00Z,29.96,-90.06,13,0,MultiSensor_QPE_01H_Pass2,,,,
1168655,2024-03-04T23:00:00Z,29.99,-90.1,13,0,MultiSensor_QPE_01H_Pass2,,,,
1168656,2024-03-04T23:00:00Z,30.02,-90.05,13,0,MultiSensor_QPE_01H_Pass2,,,,
1168666,2024-03-05T07:10:00Z,29.8922,-90.017,13,0,MultiSensor_QPE_01H_Pass2,,,,
1168711,2024-03-08T22:50:00Z,30.95,-90.29,13,0,MultiSensor_QPE_01H_Pass2,,,,
1168698,2024-03-08T22:10:00Z,31.34,-90.5,13,0,MultiSensor_QPE_01H_Pass2,,,,
1177921,2024-04-10T15:53:00Z,29.96,-90.19,13,0,MultiSensor_QPE_01H_Pass2,,,,
1177907,2024-04-10T13:25:00Z,29.96,-90.07,13,0,MultiSensor_QPE_01H_Pass2,,,,
1177913,2024-04-10T15:04:00Z,29.96,-89.98,13,0,MultiSensor_QPE_01H_Pass2,,,,
1177914,2024-04-10T15:09:00Z,29.96,-90.19,13,0,MultiSensor_QPE_01H_Pass2,,,,
1177925,2024-04-10T16:23:00Z,29.97,-90.29,13,0,MultiSensor_QPE_01H_Pass2,,,,
1177902,2024-04-10T13:04:00Z,29.97,-90.11,13,0,MultiSensor_QPE_01H_Pass2,,,,
1177904,2024-04-10T13:23:00Z,29.9798,-90.087,13,0,MultiSensor_QPE_01H_Pass2,,,,
1177919,2024-04-10T15:51:00Z,29.98,-90.05,13,0,MultiSensor_QPE_01H_Pass2,,,,
1177923,2024-04-10T16:11:00Z,29.98,-90.05,13,0,MultiSensor_QPE_01H_Pass2,,,,
1177903,2024-04-10T13:05:00Z,29.99,-90.07,13,0,MultiSensor_QPE_01H_Pass2,,,,
1177905,2024-04-10T13:23:00Z,29.99,-90.05,13,0,MultiSensor_QPE_01H_Pass2,,,,
1177906,2024-04-10T13:24:00Z,29.99,-90.06,13,0,MultiSensor_QPE_01H_Pass2,,,,
1177918,2024-04-10T15:50:00Z,30.0,-90.11,13,0,MultiSensor_QPE_01H_Pass2,,,,
1177908,2024-04-10T13:29:00Z,30.08,-90.48,13,0,MultiSensor_QPE_01H_Pass2,,,,
1177909,2024-04-10T14:31:00Z,30.27,-89.77,13,0,MultiSensor_QPE_01H_Pass2,,,,
1177911,2024-04-10T14:59:00Z,30.2941,-89.8329,13,0,MultiSensor_QPE_01H_Pass2,,,,
1177910,2024-04-10T14:32:00Z,30.3,-89.76,13,0,MultiSensor_QPE_01H_Pass2,,,,
1177912,2024-04-10T15:00:00Z,30.31,-89.7523,13,0,MultiSensor_QPE_01H_Pass2,,,,
1177924,2024-04-10T16:15:00Z,30.323,-89.9242,13,0,MultiSensor_QPE_01H_Pass2,,,,
1177915,2024-04-10T15:14:00Z,30.3902,-90.0576,13,0,MultiSensor_QPE_01H_Pass2,,,,
1177901,2024-04-10T12:45:00Z,30.45,-91.18,13,0,MultiSensor_QPE_01H_Pass2,,,,
1177900,2024-04-10T12:17:00Z,30.49,-90.49,13,0,MultiSensor_QPE_01H_Pass2,,,,
1178004,2024-04-10T14:57:00Z,30.52,-89.66,13,0,MultiSensor_QPE_01H_Pass2,,,,
1185923,2024-05-17T03:40:00Z,29.99,-90.07,13,0,MultiSensor_QPE_01H_Pass2,,,,
1185925,2024-05-17T03:51:00Z,30.02,-90.22,13,0,MultiSensor_QPE_01H_Pass2,,,,
1185927,2024-05-17T04:05:00Z,30.02,-90.02,13,0,MultiSensor_QPE_01H_Pass2,,,,
1185926,2024-05-17T03:51:00Z,30.43,-90.09,13,0,MultiSensor_QPE_01H_Pass2,,,,
1185960,2024-05-17T04:02:00Z,30.53,-89.68,13,0,MultiSensor_QPE_01H_Pass2,,,,
1185910,2024-05-17T02:46:00Z,30.55,-90.86,13,0,MultiSensor_QPE_01H_Pass2,,,,
1185994,2024-05-30T15:50:00Z,29.94,-90.06,13,0,MultiSensor_QPE_01H_Pass2,,,,
1190846,2024-06-01T19:15:00Z,29.96,-90.06,13,0,MultiSensor_QPE_01H_Pass2,,,,
1193104,2024-06-28T08:15:00Z,29.9,-89.9,13,0,MultiSensor_QPE_01H_Pass2,,,,
1205871,2024-07-03T16:50:00Z,30.0,-90.15,13,0,MultiSensor_QPE_01H_Pass2,,,,
1205874,2024-07-03T17:19:00Z,30.0,-90.15,13,0,MultiSensor_QPE_01H_Pass2,,,,
1205893,2024-07-06T00:10:00Z,29.95,-90.08,13,0,MultiSensor_QPE_01H_Pass2,,,,
1205889,2024-07-06T00:00:00Z,29.96,-90.06,13,0,MultiSensor_QPE_01H_Pass2,,,,
1205892,2024-07-06T00:05:00Z,29.96,-90.07,13,0,MultiSensor_QPE_01H_Pass2,,,,
1205896,2024-07-06T00:25:00Z,29.96,-90.06,13,0,MultiSensor_QPE_01H_Pass2,,,,
1205897,2024-07-06T00:25:00Z,29.96,-90.11,13,0,MultiSensor_QPE_01H_Pass2,,,,
1205891,2024-07-06T00:00:00Z,29.97,-90.11,13,0,MultiSensor_QPE_01H_Pass2,,,,
1205895,2024-07-06T00:15:00Z,29.97,-90.09,13,0,MultiSensor_QPE_01H_Pass2,,,,
1205899,2024-07-06T00:25:00Z,30.0,-90.04,13,0,MultiSensor_QPE_01H_Pass2,,,,
1205900,2024-07-06T00:25:00Z,30.0,-90.05,13,0,MultiSensor_QPE_01H_Pass2,,,,
1205934,2024-07-09T22:53:00Z,29.97,-90.11,13,0,MultiSensor_QPE_01H_Pass2,,,,
1205935,2024-07-09T23:42:00Z,29.97,-90.09,13,0,MultiSensor_QPE_01H_Pass2,,,,
1205765,2024-07-17T19:20:00Z,29.97,-90.3,13,0,MultiSensor_QPE_01H_Pass2,,,,
1205820,2024-07-18T18:00:00Z,29.94,-90.2,13,0,MultiSensor_QPE_01H_Pass2,,,,
1205824,2024-07-18T18:45:00Z,29.94,-90.2,13,0,MultiSensor_QPE_01H_Pass2,,,,
1205825,2024-07-18T19:25:00Z,29.95,-90.13,13,0,MultiSensor_QPE_01H_Pass2,,,,
1205822,2024-07-18T18:25:00Z,29.96,-90.11,13,0,MultiSensor_QPE_01H_Pass2,,,,
1205819,2024-07-18T17:45:00Z,29.97,-90.11,13,0,MultiSensor_QPE_01H_Pass2,,,,
1205870,2024-07-26T22:10:00Z,29.91,-90.05,13,0,MultiSensor_QPE_01H_Pass2,,,,
1205867,2024-07-26T21:54:00Z,29.95,-90.1,13,0,MultiSensor_QPE_01H_Pass2,,,,
1213310,2024-08-15T23:45:00Z,30.4903,-90.958,13,0,MultiSensor_QPE_01H_Pass2,,,,
1213323,2024-08-30T14:25:00Z,30.01,-90.11,13,0,MultiSensor_QPE_01H_Pass2,,,,
1213324,2024-08-30T14:44:00Z,30.0183,-90.1223,13,0,MultiSensor_QPE_01H_Pass2,,,,
1218709,2024-09-05T15:00:00Z,30.29,-89.8,13,0,MultiSensor_QPE_01H_Pass2,,,,
1218711,2024-09-05T16:45:00Z,30.3,-89.72,13,0,MultiSensor_QPE_01H_Pass2,,,,
1218708,2024-09-05T14:45:00Z,30.36,-91.06,13,0,MultiSensor_QPE_01H_Pass2,,,,
1218712,2024-09-06T20:40:00Z,29.59,-90.68,13,0,MultiSensor_QPE_01H_Pass2,,,,
1218713,2024-09-07T03:42:00Z,29.95,-90.38,13,0,MultiSensor_QPE_01H_Pass2,,,,
1218716,2024-09-07T03:01:00Z,29.95,-90.41,13,0,MultiSensor_QPE_01H_Pass2,,,,
1218715,2024-09-07T03:56:00Z,29.98,-90.36,13,0,MultiSensor_QPE_01H_Pass2,,,,
1218717,2024-09-07T04:16:00Z,29.99,-90.4,13,0,MultiSensor_QPE_01H_Pass2,,,,
1217861,2024-09-11T23:00:00Z,29.8365,-90.9248,13,0,MultiSensor_QPE_01H_Pass2,,,,
1217857,2024-09-11T23:30:00Z,29.8945,-90.8345,13,0,MultiSensor_QPE_01H_Pass2,,,,
1217875,2024-09-12T01:00:00Z,29.9833,-90.6847,13,0,MultiSensor_QPE_01H_Pass2,,,,
1217874,2024-09-12T01:00:00Z,30.0049,-90.1161,13,0,MultiSensor_QPE_01H_Pass2,,,,
1217859,2024-09-12T01:51:00Z,30.0256,-90.465,13,0,MultiSensor_QPE_01H_Pass2,,,,
1217873,2024-09-12T01:00:00Z,30.0419,-90.2721,13,0,MultiSensor_QPE_01H_Pass2,,,,
1217876,2024-09-12T01:00:00Z,30.095,-90.6366,13,0,MultiSensor_QPE_01H_Pass2,,,,
1217860,2024-09-11T23:00:00Z,30.1093,-91.0022,13,0,MultiSensor_QPE_01H_Pass2,,,,
1218721,2024-09-12T03:10:00Z,30.38,-89.04,13,0,MultiSensor_QPE_01H_Pass2,,,,
1217858,2024-09-12T04:15:00Z,30.4761,-90.1771,13,0,MultiSensor_QPE_01H_Pass2,,,,
1224628,2024-11-02T00:00:00Z,30.26,-91.0,13,0,MultiSensor_QPE_01H_Pass2,,,,
1224627,2024-11-01T23:30:00Z,30.2619,-90.9895,13,0,MultiSensor_QPE_01H_Pass2,,,,
1224622,2024-11-01T23:22:00Z,30.4086,-91.0432,13,0,MultiSensor_QPE_01H_Pass2,,,,
1224687,2024-11-19T12:37:00Z,29.9989,-90.1137,13,0,MultiSensor_QPE_01H_Pass2,,,,
1224689,2024-11-19T12:39:00Z,30.2742,-89.7402,13,0,MultiSensor_QPE_01H_Pass2,,,,
1224701,2024-11-19T13:20:00Z,30.29,-89.79,13,0,MultiSensor_QPE_01H_Pass2,,,,
1224695,2024-11-19T13:00:00Z,30.36,-90.04,13,0,MultiSensor_QPE_01H_Pass2,,,,
1224692,2024-11-19T12:56:00Z,30.36,-90.04,13,0,MultiSensor_QPE_01H_Pass2,,,,
1224697,2024-11-19T13:00:00Z,30.3697,-90.0801,13,0,MultiSensor_QPE_01H_Pass2,,,,
1224686,2024-11-19T12:35:00Z,30.37,-90.07,13,0,MultiSensor_QPE_01H_Pass2,,,,
1224693,2024-11-19T12:58:00Z,30.38,-90.03,13,0,MultiSensor_QPE_01H_Pass2,,,,
1224699,2024-11-19T13:00:00Z,30.39,-90.04,13,0,MultiSensor_QPE_01H_Pass2,,,,
1228567,2024-12-09T19:55:00Z,30.0,-91.04,13,0,MultiSensor_QPE_01H_Pass2,,,,
1228570,2024-12-09T21:28:00Z,30.1,-90.98,13,0,MultiSensor_QPE_01H_Pass2,,,,
1228568,2024-12-09T20:01:00Z,30.36,-90.05,13,0,MultiSensor_QPE_01H_Pass2,,,,
1228569,2024-12-09T20:04:00Z,30.42,-90.08,13,0,MultiSensor_QPE_01H_Pass2,,,,
1228572,2024-12-10T21:58:00Z,30.28,-89.76,13,0,MultiSensor_QPE_01H_Pass2,,,,
1228571,2024-12-10T21:57:00Z,30.29,-89.77,13,0,MultiSensor_QPE_01H_Pass2,,,,
1228573,2024-12-10T22:00:00Z,30.29,-89.76,13,0,MultiSensor_QPE_01H_Pass2,,,,
1228575,2024-12-10T22:00:00Z,30.3,-89.76,13,0,MultiSensor_QPE_01H_Pass2,,,,
1228576,2024-12-10T22:00:00Z,30.3,-89.77,13,0,MultiSensor_QPE_01H_Pass2,,,,
1228581,2024-12-10T22:01:00Z,30.3,-89.75,13,0,MultiSensor_QPE_01H_Pass2,,,,
1228577,2024-12-10T22:00:00Z,30.31,-89.75,13,0,MultiSensor_QPE_01H_Pass2,,,,
1228578,2024-12-10T22:00:00Z,30.32,-89.76,13,0,MultiSensor_QPE_01H_Pass2,,,,
1228579,2024-12-10T22:00:00Z,30.32,-89.79,13,0,MultiSensor_QPE_01H_Pass2,,,,
1228580,2024-12-10T22:00:00Z,30.39,-89.79,13,0,MultiSensor_QPE_01H_Pass2,,,,
1228585,2024-12-28T04:15:00Z,30.48,-88.86,13,0,MultiSensor_QPE_01H_Pass2,,,,
1228588,2024-12-28T05:00:00Z,30.52,-88.77,13,0,MultiSensor_QPE_01H_Pass2,,,,
1228586,2024-12-28T04:15:00Z,30.57,-88.64,13,0,MultiSensor_QPE_01H_Pass2,,,,
1228589,2024-12-28T06:05:00Z,30.52,-88.68,13,0,MultiSensor_QPE_01H_Pass2,,,,
1244105,2025-02-19T08:00:00Z,29.96,-90.09,13,0,MultiSensor_QPE_01H_Pass2,,,,
1244106,2025-02-19T08:00:00Z,29.99,-90.07,13,0,MultiSensor_QPE_01H_Pass2,,,,
1244107,2025-02-19T08:00:00Z,30.01,-90.02,13,0,MultiSensor_QPE_01H_Pass2,,,,
1256185,2025-03-15T22:15:00Z,29.99,-90.11,13,0,MultiSensor_QPE_01H_Pass2,,,,
1256339,2025-03-29T22:51:00Z,30.4,-91.15,13,0,MultiSensor_QPE_01H_Pass2,,,,
1256620,2025-03-30T00:16:00Z,30.4,-91.1,13,0,MultiSensor_QPE_01H_Pass2,,,,
1256623,2025-03-30T00:16:00Z,30.41,-91.1,13,0,MultiSensor_QPE_01H_Pass2,,,,
1256621,2025-03-30T00:16:00Z,30.41,-91.08,13,0,MultiSensor_QPE_01H_Pass2,,,,
1256625,2025-03-30T00:16:00Z,30.42,-91.06,13,0,MultiSensor_QPE_01H_Pass2,,,,
1256619,2025-03-29T23:24:00Z,30.42,-91.07,13,0,MultiSensor_QPE_01H_Pass2,,,,
1256617,2025-03-29T23:11:00Z,30.43,-91.05,13,0,MultiSensor_QPE_01H_Pass2,,,,
1256336,2025-03-29T22:45:00Z,30.68,-91.24,13,0,MultiSensor_QPE_01H_Pass2,,,,
1256338,2025-03-29T22:45:00Z,30.68,-91.23,13,0,MultiSensor_QPE_01H_Pass2,,,,
1256335,2025-03-29T22:10:00Z,30.71,-91.27,13,0,MultiSensor_QPE_01H_Pass2,,,,
1256332,2025-03-29T22:10:00Z,30.73,-91.23,13,0,MultiSensor_QPE_01H_Pass2,,,,
1256334,2025-03-29T22:10:00Z,30.73,-91.22,13,0,MultiSensor_QPE_01H_Pass2,,,,
1256644,2025-03-30T20:00:00Z,30.52,-88.72,13,0,MultiSensor_QPE_01H_Pass2,,,,
1256633,2025-03-30T16:35:00Z,30.66,-88.57,13,0,MultiSensor_QPE_01H_Pass2,,,,
1256638,2025-03-30T17:30:00Z,30.66,-88.49,13,0,MultiSensor_QPE_01H_Pass2,,,,
1250370,2025-03-31T13:42:00Z,30.01,-90.02,13,0,MultiSensor_QPE_01H_Pass2,,,,
1250369,2025-03-31T13:45:00Z,30.03,-90.01,13,0,MultiSensor_QPE_01H_Pass2,,,,
1258039,2025-04-06T21:26:00Z,30.46,-88.78,13,0,MultiSensor_QPE_01H_Pass2,,,,
1258216,2025-04-21T20:20:00Z,29.8995,-90.0467,13,0,MultiSensor_QPE_01H_Pass2,,,,
1258046,2025-04-21T21:01:00Z,29.9,-90.03,13,0,MultiSensor_QPE_01H_Pass2,,,,
1258060,2025-04-21T20:00:00Z,29.9048,-90.0464,13,0,MultiSensor_QPE_01H_Pass2,,,,
1258217,2025-04-21T20:35:00Z,29.9102,-90.0583,13,0,MultiSensor_QPE_01H_Pass2,,,,
1258052,2025-04-21T18:52:00Z,29.9194,-90.0233,13,0,MultiSensor_QPE_01H_Pass2,,,,
1258062,2025-04-21T20:08:00Z,29.9276,-90.0543,13,0,MultiSensor_QPE_01H_Pass2,,,,
1258211,2025-04-21T20:09:00Z,29.9304,-90.0765,13,0,MultiSensor_QPE_01H_Pass2,,,,
1258059,2025-04-21T19:55:00Z,29.9319,-90.0355,13,0,MultiSensor_QPE_01H_Pass2,,,,
1258050,2025-04-21T18:28:00Z,29.9327,-90.0313,13,0,MultiSensor_QPE_01H_Pass2,,,,
1258054,2025-04-21T18:53:00Z,29.9412,-90.0355,13,0,MultiSensor_QPE_01H_Pass2,,,,
1258212,2025-04-21T20:15:00Z,29.9445,-90.0792,13,0,MultiSensor_QPE_01H_Pass2,,,,
1258227,2025-04-21T21:05:00Z,29.9452,-90.1329,13,0,MultiSensor_QPE_01H_Pass2,,,,
1258225,2025-04-21T20:47:00Z,29.9562,-90.0628,13,0,MultiSensor_QPE_01H_Pass2,,,,
1258221,2025-04-21T20:45:00Z,29.9566,-90.1964,13,0,MultiSensor_QPE_01H_Pass2,,,,
1258229,2025-04-21T21:05:00Z,29.9594,-90.0039,13,0,MultiSensor_QPE_01H_Pass2,,,,
1258056,2025-04-21T19:54:00Z,29.9594,-90.0259,13,0,MultiSensor_QPE_01H_Pass2,,,,
1258061,2025-04-21T20:00:00Z,29.9639,-90.009,13,0,MultiSensor_QPE_01H_Pass2,,,,
1258215,2025-04-21T20:17:00Z,29.9677,-90.1109,13,0,MultiSensor_QPE_01H_Pass2,,,,
1258213,2025-04-21T20:15:00Z,29.9684,-90.0305,13,0,MultiSensor_QPE_01H_Pass2,,,,
1258222,2025-04-21T20:45:00Z,29.9685,-90.1752,13,0,MultiSensor_QPE_01H_Pass2,,,,
1258230,2025-04-21T21:35:00Z,29.9685,-90.0905,13,0,MultiSensor_QPE_01H_Pass2,,,,
1258055,2025-04-21T19:39:00Z,29.9712,-90.0031,13,0,MultiSensor_QPE_01H_Pass2,,,,
1258051,2025-04-21T18:50:00Z,29.9869,-90.0672,13,0,MultiSensor_QPE_01H_Pass2,,,,
1258053,2025-04-21T18:52:00Z,29.9902,-90.0739,13,0,MultiSensor_QPE_01H_Pass2,,,,
1258219,2025-04-21T20:44:00Z,29.9923,-90.0679,13,0,MultiSensor_QPE_01H_Pass2,,,,
1258044,2025-04-21T20:30:00Z,30.01,-90.02,13,0,MultiSensor_QPE_01H_Pass2,,,,
1258045,2025-04-21T21:00:00Z,30.02,-90.27,13,0,MultiSensor_QPE_01H_Pass2,,,,
1258047,2025-04-21T23:00:00Z,30.78,-91.09,13,0,MultiSensor_QPE_01H_Pass2,,,,
1258048,2025-04-21T23:30:00Z,30.82,-90.99,13,0,MultiSensor_QPE_01H_Pass2,,,,
1258049,2025-04-21T23:30:00Z,30.86,-91.01,13,0,MultiSensor_QPE_01H_Pass2,,,,
1258066,2025-04-24T12:31:00Z,30.28,-91.24,13,0,MultiSensor_QPE_01H_Pass2,,,,
1258197,2025-04-24T13:30:00Z,30.28,-91.24,13,0,MultiSensor_QPE_01H_Pass2,,,,
1258198,2025-04-24T13:30:00Z,30.3421,-91.2832,13,0,MultiSensor_QPE_01H_Pass2,,,,
1258068,2025-04-24T13:00:00Z,30.36,-91.27,13,0,MultiSensor_QPE_01H_Pass2,,,,
1258196,2025-04-24T13:45:00Z,30.36,-91.26,13,0,MultiSensor_QPE_01H_Pass2,,,,
1258201,2025-04-24T13:40:00Z,30.36,-91.26,13,0,MultiSensor_QPE_01H_Pass2,,,,
1258067,2025-04-24T12:32:00Z,30.39,-91.25,13,0,MultiSensor_QPE_01H_Pass2,,,,
1258203,2025-04-24T14:15:00Z,30.4,-91.18,13,0,MultiSensor_QPE_01H_Pass2,,,,
1258200,2025-04-24T14:34:00Z,30.42,-91.17,13,0,MultiSensor_QPE_01H_Pass2,,,,
1258202,2025-04-24T14:53:00Z,30.42,-91.19,13,0,MultiSensor_QPE_01H_Pass2,,,,
1258199,2025-04-24T14:27:00Z,30.4274,-91.1944,13,0,MultiSensor_QPE_01H_Pass2,,,,
1260132,2025-05-07T14:05:00Z,29.94,-90.07,13,0,MultiSensor_QPE_01H_Pass2,,,,
1260135,2025-05-07T14:10:00Z,29.95,-90.07,13,0,MultiSensor_QPE_01H_Pass2,,,,
1260568,2025-05-09T19:50:00Z,29.93,-90.07,13,0,MultiSensor_QPE_01H_Pass2,,,,
1260570,2025-05-09T20:00:00Z,29.9538,-90.1363,13,0,MultiSensor_QPE_01H_Pass2,,,,
1260577,2025-05-09T20:45:00Z,29.9659,-90.1086,13,0,MultiSensor_QPE_01H_Pass2,,,,
1260569,2025-05-09T19:50:00Z,29.97,-90.07,13,0,MultiSensor_QPE_01H_Pass2,,,,
1260571,2025-05-09T20:00:00Z,29.97,-90.08,13,0,MultiSensor_QPE_01H_Pass2,,,,
1260574,2025-05-09T20:15:00Z,29.97,-90.09,13,0,MultiSensor_QPE_01H_Pass2,,,,
1260575,2025-05-09T20:15:00Z,29.98,-90.09,13,0,MultiSensor_QPE_01H_Pass2,,,,
1260576,2025-05-09T20:15:00Z,29.98,-90.11,13,0,MultiSensor_QPE_01H_Pass2,,,,
1260578,2025-05-09T21:15:00Z,29.9968,-90.1242,13,0,MultiSensor_QPE_01H_Pass2,,,,
1260573,2025-05-09T20:10:00Z,29.998,-90.1115,13,0,MultiSensor_QPE_01H_Pass2,,,,
1260572,2025-05-09T20:00:00Z,30.0108,-90.023,13,0,MultiSensor_QPE_01H_Pass2,,,,
1260603,2025-05-28T19:30:00Z,29.99,-90.07,13,0,MultiSensor_QPE_01H_Pass2,,,,
1278165,2025-06-10T02:35:00Z,30.38,-89.04,13,0,MultiSensor_QPE_01H_Pass2,,,,
1278327,2025-06-11T00:00:00Z,29.6,-90.72,13,0,MultiSensor_QPE_01H_Pass2,,,,
1278338,2025-06-13T15:55:00Z,29.97,-90.09,13,0,MultiSensor_QPE_01H_Pass2,,,,
1279222,2025-06-14T21:05:00Z,29.92,-90.34,13,0,MultiSensor_QPE_01H_Pass2,,,,
1279226,2025-06-14T21:15:00Z,29.93,-90.08,13,0,MultiSensor_QPE_01H_Pass2,,,,
1279221,2025-06-14T21:00:00Z,29.95,-90.32,13,0,MultiSensor_QPE_01H_Pass2,,,,
1279228,2025-06-14T21:15:00Z,29.9547,-90.0806,13,0,MultiSensor_QPE_01H_Pass2,,,,
1279223,2025-06-14T21:05:00Z,29.96,-90.37,13,0,MultiSensor_QPE_01H_Pass2,,,,
1279229,2025-06-14T21:15:00Z,29.96,-90.06,13,0,MultiSensor_QPE_01H_Pass2,,,,
1279256,2025-06-14T21:15:00Z,29.96,-90.08,13,0,MultiSensor_QPE_01H_Pass2,,,,
1279225,2025-06-14T21:11:00Z,29.97,-90.3,13,0,MultiSensor_QPE_01H_Pass2,,,,
1279258,2025-06-14T21:15:00Z,29.97,-90.08,13,0,MultiSensor_QPE_01H_Pass2,,,,
1279259,2025-06-14T21:15:00Z,29.99,-90.06,13,0,MultiSensor_QPE_01H_Pass2,,,,
1279260,2025-06-14T21:15:00Z,30.01,-89.97,13,0,MultiSensor_QPE_01H_Pass2,,,,
1279263,2025-06-14T21:15:00Z,30.01,-90.02,13,0,MultiSensor_QPE_01H_Pass2,,,,
1279264,2025-06-14T21:15:00Z,30.01,-90.05,13,0,MultiSensor_QPE_01H_Pass2,,,,
1279265,2025-06-14T21:15:00Z,30.02,-90.05,13,0,MultiSensor_QPE_01H_Pass2,,,,
1286871,2025-07-01T22:19:00Z,30.36,-89.11,13,0,MultiSensor_QPE_01H_Pass2,,,,
1286870,2025-07-01T21:36:00Z,30.38,-89.04,13,0,MultiSensor_QPE_01H_Pass2,,,,
1286868,2025-07-01T21:30:00Z,30.44,-88.93,13,0,MultiSensor_QPE_01H_Pass2,,,,
1286869,2025-07-01T21:35:00Z,30.46,-88.78,13,0,MultiSensor_QPE_01H_Pass2,,,,
1286878,2025-07-07T19:30:00Z,29.94,-90.03,13,0,MultiSensor_QPE_01H_Pass2,,,,
1286881,2025-07-12T20:15:00Z,29.94,-90.07,13,0,MultiSensor_QPE_01H_Pass2,,,,
1286880,2025-07-12T20:05:00Z,29.9544,-90.0692,13,0,MultiSensor_QPE_01H_Pass2,,,,
1286882,2025-07-12T21:05:00Z,29.96,-90.07,13,0,MultiSensor_QPE_01H_Pass2,,,,
1286885,2025-07-17T22:15:00Z,29.93,-90.37,13,0,MultiSensor_QPE_01H_Pass2,,,,
1286884,2025-07-17T22:04:00Z,29.97,-90.37,13,0,MultiSensor_QPE_01H_Pass2,,,,
1286887,2025-07-17T21:45:00Z,30.066,-90.4873,13,0,MultiSensor_QPE_01H_Pass2,,,,
1286891,2025-07-30T20:00:00Z,29.88,-90.03,13,0,MultiSensor_QPE_01H_Pass2,,,,
1286894,2025-07-30T21:00:00Z,30.32,-90.98,13,0,MultiSensor_QPE_01H_Pass2,,,,
1286893,2025-07-30T20:27:00Z,30.37,-91.0,13,0,MultiSensor_QPE_01H_Pass2,,,,
1286892,2025-07-30T20:09:00Z,30.38,-91.11,13,0,MultiSensor_QPE_01H_Pass2,,,,
1293003,2025-08-21T20:45:00Z,29.58,-90.74,13,0,MultiSensor_QPE_01H_Pass2,,,,
1293001,2025-08-21T19:55:00Z,29.59,-90.72,13,0,MultiSensor_QPE_01H_Pass2,,,,
1293002,2025-08-21T20:42:00Z,29.59,-90.72,13,0,MultiSensor_QPE_01H_Pass2,,,,
1293004,2025-08-21T20:45:00Z,29.59,-90.74,13,0,MultiSensor_QPE_01H_Pass2,,,,
